protein1,protein2,interaction_score,similarity
P01023,P08253,0.968,0.37563215440840647
P01023,P05121,0.94,0.4101085660612161
P01023,P07996,0.919,0.34841581181556336
P01023,P04275,0.952,0.3859921786983297
P01023,P00488,0.922,0.35372185568261205
P01023,P01042,0.958,0.42342684107922
P01023,P01133,0.94,0.3635057677270335
P01023,Q8IUK7,0.974,0.3716044638280204
P01023,P02775,0.926,0.35104538027332144
P01023,P02776,0.917,0.4461388514407547
P01023,P05019,0.951,0.38981676084442407
P01023,P00734,0.653,0.375044691358028
P01023,P00747,0.972,0.385510031560704
P01023,P08697,0.98,0.4121460453435243
P01023,P01008,0.822,0.41554028026121903
P01023,P60953,0.911,0.3726428858039247
P01023,Q9H1W9,0.926,0.41528436137335734
P01023,P00451,0.927,0.3922752214996226
P01023,H0Y4K8,0.957,0.41041233411300426
P12821,P05121,0.854,0.4711077868205053
P12821,P23946,0.8,0.41026551011552825
P12821,P04275,0.607,0.3657381850546633
P12821,P01042,0.95,0.3702320198002044
P12821,Q07075,0.638,0.3753499987485719
P12821,P00797,0.959,0.391673228375512
P12821,P01270,0.669,0.30186367499207795
P12821,H0Y4K8,0.604,0.38501811462205837
P12821,P01185,0.63,0.4108755032592586
P12821,P20366,0.67,0.2843506320068818
P12821,P00747,0.693,0.36829143736583564
P12821,Q9UG89,0.718,0.4035551554496387
P12821,P05305,0.792,0.34822024611841523
P12821,Q9H1W9,0.798,0.37573976800104514
P12821,Q8IUK7,0.838,0.3807195861576037
P12821,P08473,0.843,0.3870548475134777
P12821,P50052,0.926,0.3948546001734151
P12821,P30556,0.928,0.3951220353145506
P12821,P01019,0.996,0.42768520756516487
Q9BYF1,P23946,0.75,0.41403594568374796
Q9BYF1,P01042,0.638,0.3761608112626994
Q9BYF1,Q07075,0.676,0.3520247800334375
Q9BYF1,P00797,0.95,0.35636417380696367
Q9BYF1,P01019,0.991,0.3834472163972751
Q9BYF1,P50052,0.858,0.3588502921189961
Q9BYF1,Q9UG89,0.7,0.38538059297753113
Q9BYF1,P05305,0.689,0.3371993422319452
Q9BYF1,P30556,0.904,0.3437043626912024
Q9BYF1,P08473,0.95,0.3640816315873508
Q76LX8,P07996,0.926,0.3629561176957274
Q76LX8,P04275,0.973,0.4104709523818041
Q76LX8,P00451,0.79,0.3555259367586825
P35318,P16520,0.9,0.3629922186537864
P35318,P00797,0.63,0.3763954686934432
P35318,P06850,0.927,0.4340661695897441
P35318,P01270,0.927,0.2934880692547235
P35318,P01258,0.987,0.38817339099532244
P35318,P30518,0.904,0.3568246927112737
P35318,P01282,0.955,0.34033479592303095
P35318,P05305,0.888,0.3525577625473981
P35318,P01185,0.963,0.3636235977609725
P35318,P0C0P6,0.948,0.3608896563675976
P35318,P34998,0.921,0.3379525026523613
P35318,P01189,0.944,0.3730044028059868
P35318,P01275,0.937,0.32473623054505385
P35318,P08473,0.65,0.36503845658721473
P35318,Q9H1W9,0.769,0.3853840773639054
P35318,P12272,0.923,0.39797188249822246
P01019,P08311,0.965,0.3702421311710332
P01019,P01178,0.924,0.27075086904534795
P01019,P08253,0.63,0.41946403941361315
P01019,P16520,0.952,0.41093553563213087
P01019,O60229,0.903,0.40313985980746836
P01019,P23946,0.983,0.3662370476233262
P01019,P07492,0.901,0.3457371523547993
P01019,P27361,0.962,0.3656138622468319
P01019,P48764,0.619,0.4962032769337622
P01019,P01042,0.974,0.3780707929008176
P01019,Q07075,0.971,0.4066625256141325
P01019,P00797,0.999,0.3626750483546494
P01019,P01148,0.908,0.29244590128541537
P01019,Q8IUK7,0.706,0.39769237083089204
P01019,P02775,0.901,0.39987410210296226
P01019,P02776,0.9,0.4633934338441257
P01019,P37288,0.919,0.418685986096969
P01019,P20396,0.923,0.4083726953511615
P01019,P00734,0.961,0.4241334802854839
P01019,P00747,0.652,0.32586192438262795
P01019,P29972,0.601,0.4634775807758271
P01019,Q8TBH2,0.956,0.41283605259436806
P01019,P20366,0.929,0.3250188784356982
P01019,P30559,0.901,0.4712029501548466
P01019,H0Y4K8,0.704,0.3482235629896234
P01019,P47901,0.902,0.46857025257803053
P01019,P06307,0.92,0.3267484867510223
P01019,P0C0P6,0.922,0.2495908843335313
P01019,P01275,0.929,0.28409738863170225
P01019,P01189,0.934,0.3731486650076651
P01019,P12931,0.946,0.4045577730356352
P01019,P01185,0.957,0.32977751465018346
P01019,P08473,0.968,0.38620779737571875
P01019,P05305,0.981,0.3038930882750253
P01019,Q9UG89,0.982,0.42352718270042755
P01019,P50052,0.993,0.3870872398390742
P01019,P30556,0.996,0.3449900294900336
P30556,P01178,0.923,0.25964328981293816
P30556,O00401,0.9,0.40257079686197517
P30556,P16520,0.956,0.40672065572125915
P30556,O60229,0.9,0.3456889833019138
P30556,P23946,0.642,0.3396111400138298
P30556,P07492,0.903,0.28708140914023267
P30556,P01042,0.969,0.3881186466200096
P30556,P01133,0.938,0.38986171423390215
P30556,P00797,0.955,0.3715367397159236
P30556,P01148,0.908,0.2864526245280721
P30556,P37288,0.918,0.3700146453316989
P30556,P20396,0.915,0.33708883271763934
P30556,P00734,0.931,0.33597881386820194
P30556,Q8TBH2,0.928,0.38766770826875485
P30556,P20366,0.929,0.26980894080388557
P30556,P30559,0.906,0.4418950990098306
P30556,P30518,0.942,0.4163015341860119
P30556,P47901,0.928,0.464584188538324
P30556,P50052,0.915,0.4388683728435431
P30556,P12931,0.732,0.3333394840537929
P30556,Q9UG89,0.709,0.42115323539188587
P30556,P05305,0.969,0.2705296676439852
P30556,P01185,0.935,0.2944697339962765
P30556,Q20BK3,0.903,0.4125053149667238
P30556,P06307,0.908,0.2093682693888202
P30556,P0C0P6,0.918,0.21684088787029962
P30556,P01189,0.934,0.26427749128460615
P30556,P01275,0.926,0.3013376305369768
P30556,O43426,0.9,0.37632246246196255
P30556,Q9H1W9,0.739,0.24619894804035303
P30556,Q00610,0.905,0.3598785303627886
P50052,P16520,0.915,0.3402953525466298
P50052,P07492,0.902,0.2639702154408037
P50052,P01042,0.966,0.3752184999939354
P50052,P00797,0.936,0.3310706009542984
P50052,P02775,0.9,0.34130981227718354
P50052,P02776,0.901,0.3232377656945129
P50052,P20396,0.902,0.27897443648144243
P50052,P00734,0.913,0.33455327946055124
P50052,Q8TBH2,0.916,0.4091119612073686
P50052,Q9UG89,0.675,0.4182189501327053
P50052,P06307,0.906,0.26273665697373916
P50052,P0C0P6,0.917,0.29131771142800544
P50052,P01189,0.926,0.3455713500325348
P50052,P05305,0.956,0.32002358421267985
O43865,Q9Y6R1,0.958,0.4092438498846885
Q8IUK7,P00740,0.622,0.3931983691952593
Q8IUK7,P08253,0.631,0.38106246712548797
Q8IUK7,P05121,0.979,0.3781465192367726
Q8IUK7,P07996,0.942,0.35985256415393274
Q8IUK7,P04275,0.973,0.36820985947019347
Q8IUK7,P27361,0.757,0.35136033086114
Q8IUK7,P00488,0.912,0.36229407177272066
Q8IUK7,P01042,0.971,0.36476849480328893
Q8IUK7,P01133,0.98,0.3696142017698569
Q8IUK7,P00797,0.804,0.33210575911744766
Q8IUK7,P01270,0.862,0.295059260573833
Q8IUK7,P01189,0.645,0.4042585399712564
Q8IUK7,P01185,0.65,0.3661149656576489
Q8IUK7,P05305,0.652,0.3736157178929104
Q8IUK7,P12931,0.683,0.4123377038246729
Q8IUK7,P01275,0.704,0.35052703922801937
Q8IUK7,P34741,0.915,0.4088815593016965
Q8IUK7,P02775,0.933,0.25124371007872837
Q8IUK7,P02776,0.942,0.2883307768740295
Q8IUK7,P00451,0.958,0.3761405833033634
Q8IUK7,P00734,0.96,0.37412026775321994
Q8IUK7,P08697,0.962,0.40105122638201346
Q8IUK7,P05019,0.974,0.3417264219284766
Q8IUK7,P00747,0.978,0.36218974833198514
Q8IUK7,Q9H1W9,0.986,0.36170612570952665
Q8IUK7,P01008,0.987,0.38425564297247333
Q8IUK7,H0Y4K8,0.99,0.3068168975269816
Q02410,O75335,0.921,0.40487237774748686
Q02410,F8VP68,0.937,0.4422413079069038
Q02410,O75145,0.957,0.43174081258836183
Q02410,O14910,0.977,0.43206324514039574
Q02410,Q5VT19,0.995,0.39248264739106076
P29972,P04275,0.65,0.39652797761274694
P29972,P48764,0.691,0.5508039368422941
P29972,P00918,0.699,0.34834663246406017
P29972,P29323,0.601,0.36949323249391186
P29972,Q9NRD5,0.611,0.4320577578924325
P29972,Q9Y6R1,0.626,0.37118187958605575
P29972,O14910,0.63,0.34635292424418435
P29972,P78508,0.633,0.3920608230782155
P29972,Q13621,0.66,0.340168519019181
P29972,P01185,0.727,0.3441233423837443
P29972,Q8IXF9,0.839,0.48407029833553783
P29972,Q8NBQ7,0.855,0.4374102631464393
Q9UG89,P00797,0.998,0.39355015121701564
P01185,P01178,0.982,4.290562373260363
P01185,O00401,0.9,0.26498587097582815
P01185,P16520,0.903,0.28467470278804596
P01185,O60229,0.9,0.36351399676363816
P01185,P07492,0.955,0.38689618763148187
P01185,P04275,0.641,0.3709043367759295
P01185,P01042,0.954,0.407350391844001
P01185,P01133,0.937,0.3161921491548465
P01185,P00797,0.868,0.37220565481863926
P01185,P01148,0.962,0.40227309632680486
P01185,P06850,0.99,0.47985138566200314
P01185,P01270,0.956,0.32235709922202405
P01185,P37288,0.994,0.35758332214573274
P01185,P20396,0.966,0.41059832915105543
P01185,P00734,0.941,0.4097484732707117
P01185,Q8TBH2,0.934,0.3024191574406785
P01185,P20366,0.952,0.319061122445773
P01185,P30559,0.984,0.3519451744254475
P01185,P01258,0.956,0.31199735869593237
P01185,P30518,0.987,0.3688654293657885
P01185,P47901,0.979,0.3529241621601739
P01185,P01282,0.961,0.3770673989648168
P01185,P05305,0.965,0.33549325097029564
P01185,Q20BK3,0.9,0.31293964954947096
P01185,Q00610,0.9,0.2793640253019738
P01185,O43426,0.901,0.329192743530979
P01185,P06307,0.951,0.3369080380690288
P01185,P12272,0.952,0.37136999478283583
P01185,P34998,0.952,0.425692202279362
P01185,P01275,0.954,0.3421497809141284
P01185,P0C0P6,0.969,0.33795620773561935
P01185,P01189,0.986,0.45047397405718825
P37288,P01178,0.981,0.31878858146929884
P37288,P16520,0.92,0.3743900097780106
P37288,O60229,0.9,0.32660939974712444
P37288,P07492,0.923,0.3249001484295601
P37288,P01042,0.912,0.321097992507161
P37288,P01148,0.926,0.284422573377177
P37288,P01282,0.757,0.36945242281747437
P37288,P30518,0.819,0.5126266441808427
P37288,P30559,0.905,0.5131159208970603
P37288,P47901,0.906,0.50750756998
P37288,P00734,0.906,0.33667629864181686
P37288,P01275,0.912,0.3537124259183083
P37288,P06307,0.914,0.30589569060130606
P37288,P20396,0.916,0.33615445552125145
P37288,P20366,0.916,0.2729797931337452
P37288,Q8TBH2,0.924,0.3608261769214902
P37288,P05305,0.93,0.3768700565835697
P37288,P0C0P6,0.961,0.29989199888709694
P47901,P01178,0.968,0.3202863313784293
P47901,P16520,0.915,0.3967559311381953
P47901,O60229,0.9,0.38980810891091644
P47901,P07492,0.921,0.3899475535504946
P47901,P01042,0.907,0.3784893189817914
P47901,P01148,0.912,0.3022859440218774
P47901,P06850,0.634,0.4275313613623941
P47901,P20396,0.91,0.3859025237530123
P47901,P00734,0.9,0.3717176735743463
P47901,Q8TBH2,0.944,0.3780308824904318
P47901,P20366,0.903,0.29457178570000236
P47901,P30559,0.904,0.7322344796355071
P47901,P30518,0.817,0.6158688669273301
P47901,P34998,0.68,0.40848287790955934
P47901,P01189,0.724,0.3243106480686424
P47901,P06307,0.911,0.3441062334391308
P47901,P01275,0.922,0.28819550547491707
P47901,P05305,0.929,0.31318607708729806
P47901,P0C0P6,0.944,0.28323198723934007
P30518,P01178,0.625,0.3089393553120171
P30518,O00401,0.9,0.42698954359094715
P30518,P16520,0.915,0.3686377108985344
P30518,P01133,0.923,0.4008721852334822
P30518,P06850,0.917,0.4609880923731464
P30518,P01270,0.933,0.28763785661471686
P30518,P01258,0.915,0.34811345885629796
P30518,O43426,0.9,0.41259997238435875
P30518,Q20BK3,0.903,0.4175162947397604
P30518,P12272,0.905,0.36205330318768864
P30518,P01282,0.914,0.38507250534932164
P30518,P0C0P6,0.917,0.294498733836969
P30518,P34998,0.92,0.43213613519530486
P30518,P01275,0.927,0.32421915502797827
P30518,Q00610,0.927,0.36272600961204293
P30518,P01189,0.937,0.37043490122908357
P00918,P48764,0.724,0.41022400466888065
P00918,P01042,0.624,0.34230328980483904
P00918,P01008,0.649,0.34967130396131285
P00918,Q9Y6R1,0.8,0.37772507121003884
P01258,P16520,0.9,0.3521787041747982
P01258,P07492,0.791,0.41810227270592376
P01258,P01042,0.706,0.35799585903503517
P01258,P06850,0.966,0.424673563834411
P01258,P01270,0.992,0.2787428658698809
P01258,P20396,0.639,0.4810481640372747
P01258,P20366,0.929,0.386652722787833
P01258,P06307,0.721,0.3368322908917549
P01258,P34998,0.939,0.35104567904840106
P01258,P01189,0.97,0.4784877418743848
P01258,P01275,0.972,0.3939337489156991
P01258,P12272,0.978,0.3822357686138902
P01258,P01282,0.987,0.4254913773020943
P01258,P0C0P6,0.991,0.3991826785810739
Q5VT19,O75335,0.938,0.39967177509338325
Q5VT19,P34741,0.958,0.33822476323262607
Q5VT19,O75145,0.966,0.40423201016407584
Q5VT19,F8VP68,0.987,0.4239343039316533
Q5VT19,O14910,0.998,0.3368002723908145
P06307,P01178,0.983,0.3422633002127505
P06307,P16520,0.907,0.40057009783509734
P06307,O60229,0.909,0.29709047311201153
P06307,P07492,0.989,0.42493018573540636
P06307,P01042,0.949,0.27408522420132325
P06307,P01133,0.633,0.2857599543144542
P06307,P01148,0.945,0.28710571184995737
P06307,P06850,0.783,0.40967865332411985
P06307,P20396,0.967,0.40869249214837444
P06307,P00734,0.904,0.36604964182230126
P06307,Q8TBH2,0.905,0.2618713330260517
P06307,P20366,0.986,0.3321082314756918
P06307,P30559,0.95,0.4564923438317622
P06307,P01282,0.887,0.3166535302364544
P06307,P05305,0.921,0.3892149554921787
P06307,P34998,0.613,0.3741004140111378
P06307,P01189,0.742,0.3809866981953831
P06307,P0C0P6,0.985,0.3898220716201997
P06307,P01275,0.986,0.34218346392801924
P60953,P98172,0.94,0.3402704362362353
P60953,O00401,0.999,0.3289327434190051
P60953,Q15768,0.936,0.4190871866572492
P60953,O43639,0.965,0.32411308856548804
P60953,O60229,0.982,0.4244612181568626
P60953,P52799,0.942,0.35568833889243134
P60953,P27361,0.767,0.34106225540992363
P60953,P01133,0.966,0.2993280115459874
P60953,Q13009,0.987,0.29973919396665144
P60953,Q8TBH2,0.908,0.3450798691493835
P60953,Q05397,0.983,0.34251242409766014
P60953,H0Y4K8,0.968,0.26974534563447095
P60953,P12931,0.988,0.3166816199921366
P60953,P29323,0.955,0.2986496128321477
P60953,P05305,0.931,0.31406023210106015
P60953,Q20BK3,0.998,0.33010380276077833
P60953,P17252,0.614,0.30594084003550914
P60953,P05106,0.939,0.3433248317192782
P60953,Q9H1W9,0.971,0.35032036005575085
P60953,P16333,0.979,0.3399582015028029
Q00610,P98172,0.901,0.37197621867083064
Q00610,O00401,0.961,0.3491743839479782
Q00610,Q15768,0.9,0.3899034173890083
Q00610,P52799,0.9,0.3452023605320387
Q00610,P01133,0.941,0.3411210624754659
Q00610,P29323,0.962,0.3673926156151753
Q00610,Q20BK3,0.974,0.4048919678088912
Q00610,P46459,0.624,0.38739417392991904
Q00610,O43426,0.973,0.3704838696392839
P23946,P05305,0.704,0.39213272584179953
P23946,P00797,0.724,0.38838536871281726
P06850,P01178,0.912,0.4566050611077489
P06850,P16520,0.902,0.3088943586092445
P06850,P01148,0.742,0.40820241139934227
P06850,P05019,0.678,0.3289264523744137
P06850,P20366,0.751,0.38411943474213694
P06850,P20396,0.866,0.49911008942371493
P06850,P12272,0.921,0.44434217586441216
P06850,P01270,0.94,0.27951823298385703
P06850,P01275,0.959,0.364319436917476
P06850,P01282,0.969,0.4975258533539437
P06850,P0C0P6,0.985,0.3356946196752345
P06850,P01189,0.997,0.5014601086854991
P06850,P34998,0.999,0.4296538803666655
P34998,P16520,0.919,0.38898832588286936
P34998,P01270,0.93,0.3236357494197518
P34998,P20366,0.7,0.28890580390810155
P34998,P01282,0.954,0.4239079163819648
P34998,P0C0P6,0.965,0.3848187052598816
P34998,P12272,0.912,0.37112204787841724
P34998,P01275,0.939,0.40529680407948365
P34998,P01189,0.987,0.4103968424643848
P08311,P01042,0.63,0.3572095871834706
P08311,P07996,0.697,0.41848619715660107
P08311,P05019,0.916,0.39363000818992966
P05305,P01178,0.947,0.36907669877987015
P05305,P08253,0.946,0.32393249610735236
P05305,P05121,0.695,0.32818181902879484
P05305,P16520,0.925,0.3461735822446147
P05305,O60229,0.902,0.32604277235589685
P05305,P07492,0.942,0.4471181838828895
P05305,P04275,0.683,0.3665475656111065
P05305,P27361,0.964,0.35582895454219005
P05305,P48764,0.959,0.3508852867135335
P05305,P01042,0.971,0.3351278022754163
P05305,P01133,0.956,0.3992565921048168
P05305,P00797,0.83,0.32922515115911355
P05305,P01148,0.937,0.257906314699793
P05305,P01270,0.658,0.2914622382528328
P05305,P05019,0.739,0.3646154870951747
P05305,P20396,0.944,0.38726836927100566
P05305,P00734,0.95,0.3272166893871947
P05305,P00747,0.608,0.3533562703790232
P05305,Q8TBH2,0.999,0.3130607338154511
P05305,P20366,0.956,0.29217933287096887
P05305,P30559,0.923,0.3416591043221179
P05305,H0Y4K8,0.796,0.3198680242867259
P05305,P12931,0.971,0.3700474901224071
P05305,P08473,0.767,0.3081560403771836
P05305,Q9H1W9,0.892,0.4579940472802577
P05305,P01275,0.93,0.3599786397335415
P05305,P0C0P6,0.944,0.3047694970243989
Q8TBH2,P01178,0.916,0.3004225126023037
Q8TBH2,P16520,0.924,0.33343396990577645
Q8TBH2,O60229,0.904,0.3897977700544928
Q8TBH2,P07492,0.918,0.3098613319201554
Q8TBH2,P01042,0.945,0.38226723929615153
Q8TBH2,P01133,0.926,0.38681681703423043
Q8TBH2,P01148,0.944,0.3034785653391791
Q8TBH2,P20396,0.904,0.3270493070993154
Q8TBH2,P00734,0.905,0.3410045767157307
Q8TBH2,P01275,0.907,0.30411300210319797
Q8TBH2,P30559,0.912,0.4206438820879767
Q8TBH2,P0C0P6,0.921,0.2698663808957925
Q8TBH2,P20366,0.923,0.3080701250852905
P20827,P98172,0.92,0.3756936105701093
P20827,O43921,0.91,0.4114597171329455
P20827,Q15768,0.915,0.36735717154328185
P20827,P52799,0.921,0.3523243196804825
P20827,P20936,0.838,0.3123255241049271
P20827,Q13009,0.929,0.3091853356368167
P20827,P52803,0.907,0.3668558517592832
P20827,Q05397,0.929,0.33717049762292794
P20827,P52797,0.911,0.37996400752010956
P20827,P52798,0.912,0.5407045804967852
P20827,P16333,0.928,0.32554681142861813
P20827,P12931,0.951,0.285300524219251
P20827,P29323,0.993,0.33825804661854764
O43921,P98172,0.921,0.41694359574599754
O43921,P20936,0.817,0.42449253608052323
O43921,P52803,0.905,0.500698055046678
O43921,P52797,0.91,0.7744985123027972
O43921,P52798,0.911,0.41895347458954046
O43921,Q15768,0.918,0.4052119433167042
O43921,P52799,0.92,0.34375539959707224
O43921,P29323,0.993,0.47311325350481676
P52797,P98172,0.921,0.45396202862945556
P52797,Q15768,0.917,0.5597995206334525
P52797,P52799,0.92,0.45860841472697134
P52797,P20936,0.851,0.43916936559779096
P52797,P52803,0.908,0.5640632605125654
P52797,P52798,0.913,0.5540085857001995
P52797,P29323,0.993,0.5081748268023376
P52798,P98172,0.921,0.46584729667213676
P52798,Q15768,0.916,0.4923602096150145
P52798,P52799,0.915,0.47704788047486096
P52798,P20936,0.82,0.44711930460175947
P52798,P52803,0.907,0.5111926048616496
P52798,P29323,0.993,0.4042219861126386
P52803,P98172,0.921,0.4001621931888506
P52803,Q15768,0.92,0.5056948905160761
P52803,P52799,0.923,0.4852455136158019
P52803,P20936,0.83,0.3388696810534819
P52803,P12931,0.961,0.30828035866849385
P52803,P29323,0.999,0.36676251324875725
P98172,Q9Y3R0,0.601,0.40244026195880145
P98172,O43426,0.907,0.3936839056977788
P98172,Q15768,0.908,0.642339275875268
P98172,P20936,0.918,0.39734124460636466
P98172,O00401,0.919,0.452406437162168
P98172,Q20BK3,0.923,0.38872290280278154
P98172,Q05397,0.924,0.3339382279704235
P98172,P08253,0.926,0.4179052759173433
P98172,P10301,0.927,0.32091620245443264
P98172,O60229,0.929,0.38652837802221085
P98172,P52799,0.929,1.0891599225055275
P98172,P16333,0.938,0.3986910700261671
P98172,Q13009,0.957,0.37256553137578474
P98172,O43639,0.98,0.3806599890500393
P98172,P12931,0.982,0.37739239107225253
P98172,P29323,0.997,0.3843744666157508
P52799,P08253,0.927,0.35961182893104027
P52799,O00401,0.924,0.41341719216726547
P52799,Q15768,0.911,0.7699844865206777
P52799,O43639,0.971,0.38128258977292495
P52799,O60229,0.928,0.37281546970100343
P52799,Q9Y3R0,0.722,0.40712195725680356
P52799,Q9H1W9,0.798,0.3467031306534352
P52799,O43426,0.91,0.3431871877790347
P52799,P10301,0.923,0.35693664658181684
P52799,Q20BK3,0.925,0.3575066833090348
P52799,P20936,0.926,0.3610163086916245
P52799,P12931,0.981,0.34766566930965914
P52799,P29323,0.999,0.39006615428830455
Q15768,P08253,0.912,0.44734064390939354
Q15768,O00401,0.906,0.46868902851998095
Q15768,O43426,0.9,0.3860329106844791
Q15768,P20936,0.909,0.42637973058674117
Q15768,Q20BK3,0.914,0.4128196929644079
Q15768,P10301,0.921,0.3820010220037204
Q15768,O60229,0.928,0.4073450683126737
Q15768,P12931,0.947,0.46515186362398825
Q15768,O43639,0.947,0.39367102246884084
Q15768,P29323,0.993,0.43376621104749025
P01133,P08253,0.798,0.3714422618867602
P01133,O00401,0.944,0.3845372261182527
P01133,P05121,0.978,0.3746494260756567
P01133,P07996,0.972,0.39866648041655295
P01133,P04275,0.965,0.35850419584914356
P01133,P27361,0.849,0.35564842605122815
P01133,P00488,0.914,0.36408314889303517
P01133,P01042,0.97,0.3776362136303296
P01133,P01189,0.631,0.3886372482600724
P01133,P01282,0.637,0.4344230573697385
P01133,P01270,0.685,0.23260737891556188
P01133,P12272,0.712,0.319461625872542
P01133,Q05397,0.773,0.3936033727528968
P01133,P08697,0.91,0.3875398932371522
P01133,Q20BK3,0.918,0.35979258655722246
P01133,O43426,0.92,0.38809028152959
P01133,P00451,0.93,0.38539173088098566
P01133,P02775,0.935,0.30755791900093354
P01133,P02776,0.939,0.2528866232767616
P01133,P17252,0.945,0.3517147758137674
P01133,P20936,0.959,0.3402769798605335
P01133,P00747,0.964,0.3681426839461879
P01133,H0Y4K8,0.988,0.3827225837795016
P01133,P12931,0.99,0.35579564639558114
P01133,P05019,0.992,0.3076321298058958
P01133,Q9H1W9,0.993,0.35031299527723775
Q07075,P08473,0.627,0.3833776031338084
Q07075,P00797,0.682,0.3602173466825596
P29323,P08253,0.952,0.4242641008697169
P29323,O00401,0.949,0.40134830070201066
P29323,O43639,0.952,0.3835953781734437
P29323,O60229,0.967,0.38284914662117175
P29323,P10301,0.959,0.34859779618953934
P29323,P20936,0.952,0.3611910411683884
P29323,Q13009,0.991,0.3891666091441071
P29323,P34741,0.972,0.418816853130045
P29323,Q05397,0.95,0.37618104629376214
P29323,P12931,0.953,0.35938485675494286
P29323,Q9NRD5,0.636,0.3392500775095758
P29323,O43426,0.953,0.365501132656852
P29323,P16333,0.96,0.3538611045487481
P29323,Q20BK3,0.982,0.37025401302454974
P00742,P00740,0.916,0.5389909509348435
P00742,P04275,0.954,0.3968109977404796
P00742,P00488,0.913,0.34907203256349784
P00742,P14770,0.911,0.33892521401994247
P00742,P00734,0.938,0.5052502405604964
P00742,P07359,0.922,0.4368559396427133
P00742,P00451,0.984,0.35596913044568546
P00742,P01008,0.997,0.3915404583974015
P00742,P40197,0.906,0.40190208854749887
P00742,P13224,0.907,0.4460519785120009
P00488,P05121,0.926,0.35322676483645044
P00488,P07996,0.918,0.3411489493052543
P00488,P04275,0.95,0.335179308723219
P00488,P05019,0.919,0.2835308040840414
P00488,P00747,0.922,0.33137669298232036
P00488,P01042,0.923,0.3476439677406944
P00488,P00451,0.93,0.3611951699470842
P00488,P01008,0.931,0.34223744223464053
P00488,P02775,0.932,0.30628592582866476
P00488,P02776,0.934,0.2804095128247377
P00488,Q9H1W9,0.944,0.3358812786498924
P00488,P08697,0.953,0.33834939415679266
P00488,H0Y4K8,0.954,0.3176951307759394
P00488,P00734,0.964,0.3679143190330259
P00734,P01178,0.926,0.4259800865605282
P00734,P00740,0.965,0.41272048999144034
P00734,P05121,0.849,0.3730488904859883
P00734,P16520,0.9,0.41267480624117636
P00734,O60229,0.906,0.3358982123960407
P00734,P07492,0.908,0.3909112989995343
P00734,P04275,0.985,0.37978576632212935
P00734,P08514,0.82,0.42384148552205536
P00734,P27361,0.94,0.3459139727263425
P00734,P01042,0.974,0.38816010995635314
P00734,P01148,0.912,0.3945354854721863
P00734,P02775,0.633,0.36313711564171114
P00734,P02776,0.64,0.36401264623496465
P00734,P05019,0.937,0.3452678569290675
P00734,P20396,0.908,0.43166463179027803
P00734,P14770,0.939,0.3701276026638982
P00734,Q9H1W9,0.644,0.358366836252083
P00734,H0Y4K8,0.743,0.39531209409629353
P00734,P08697,0.845,0.4027583981773315
P00734,P30559,0.9,0.4077587004297236
P00734,P13224,0.913,0.4259748667158716
P00734,P0C0P6,0.915,0.3233582884485289
P00734,P20366,0.921,0.30220894752374516
P00734,P01275,0.937,0.320118098792341
P00734,P40197,0.947,0.4205555578437207
P00734,P12931,0.959,0.3557892131457019
P00734,P00451,0.99,0.36990970822263153
P00734,P07359,0.994,0.3930152003427033
P00734,P01008,0.999,0.37754387099071485
P00451,P00740,0.992,0.36298475697373533
P00451,P05121,0.954,0.39926582888470463
P00451,P07996,0.918,0.3749164158291725
P00451,P04275,0.998,0.37139431780872445
P00451,P01042,0.931,0.40001251795113635
P00451,P02775,0.938,0.29657822646103893
P00451,P02776,0.927,0.32819941506014166
P00451,P05019,0.915,0.3658152994374079
P00451,P14770,0.942,0.38583461176584055
P00451,P00747,0.966,0.3741021726020074
P00451,P08697,0.946,0.3677278920268714
P00451,P07359,0.944,0.42364823725971534
P00451,H0Y4K8,0.939,0.3600035003244585
P00451,P46459,0.9,0.3702643819940666
P00451,P42261,0.9,0.3760314614500008
P00451,P13224,0.932,0.41749671558157575
P00451,Q9H1W9,0.938,0.375298166697612
P00451,P40197,0.944,0.4098924526293656
P00451,P01008,0.979,0.37056818778121936
P00740,P01042,0.608,0.3892202865557779
P00740,P40197,0.906,0.3739378633463357
P00740,P13224,0.909,0.293705633632818
P00740,P14770,0.918,0.24420286924399015
P00740,P07359,0.919,0.3300497677109847
P00740,P04275,0.97,0.3398041708851446
P00740,P01008,0.999,0.3987359278082939
H0Y4K8,P08253,0.605,0.3541245729835753
H0Y4K8,P05121,0.979,0.3350227564954711
H0Y4K8,P07996,0.982,0.3717970490762413
H0Y4K8,P04275,0.98,0.33857027984355936
H0Y4K8,P08514,0.974,0.3765353244810088
H0Y4K8,P27361,0.97,0.3434701714104716
H0Y4K8,P01042,0.95,0.3181987730536131
H0Y4K8,P00797,0.6,0.35363722288614635
H0Y4K8,P02775,0.941,0.33413794258233587
H0Y4K8,P02776,0.952,0.2635092409512824
H0Y4K8,P05019,0.968,0.3274854350853563
H0Y4K8,P34741,0.981,0.3512084708713278
H0Y4K8,P00747,0.984,0.3708983832528034
H0Y4K8,P20366,0.61,0.27777259020595413
H0Y4K8,P08697,0.955,0.3906080697074276
H0Y4K8,Q05397,0.975,0.3031513578415429
H0Y4K8,P01008,0.954,0.3357854847492212
H0Y4K8,Q9H1W9,0.988,0.2949150619679063
H0Y4K8,P12931,0.994,0.3763772195278354
H0Y4K8,P05106,0.994,0.35542220904394795
P01275,P01178,0.957,0.26985005770528026
P01275,P05121,0.672,0.345579038789823
P01275,P16520,0.941,0.32108927292750794
P01275,O60229,0.903,0.3339789159642099
P01275,P07492,0.968,0.3589024901524901
P01275,P01042,0.94,0.38674581863307333
P01275,P01148,0.941,0.355001466989958
P01275,P01270,0.966,0.3632492762270173
P01275,P05019,0.706,0.3039470759813896
P01275,P20396,0.956,0.3802367292541089
P01275,P20366,0.961,0.3761764542646895
P01275,P30559,0.917,0.26492263183439635
P01275,P01282,0.927,0.3115399300174384
P01275,P0C0P6,0.965,0.3518664587046939
P01275,P01189,0.978,0.37041604909251924
P01275,P12272,0.923,0.3991928222037165
P16520,P01178,0.903,0.2894962853719742
P16520,P10301,0.703,0.3199530801392646
P16520,P27361,0.735,0.36795810013404673
P16520,P20396,0.9,0.3522066862895523
P16520,P01270,0.9,0.2844511549326324
P16520,P07492,0.9,0.314950296935591
P16520,P02775,0.9,0.26717345792483643
P16520,O60229,0.9,0.36332594417113695
P16520,P02776,0.9,0.2914368374800901
P16520,P01282,0.901,0.31271210815328443
P16520,P01148,0.902,0.2750114176105225
P16520,P20366,0.902,0.3009564911701858
P16520,P0C0P6,0.903,0.2909542088185136
P16520,P12272,0.904,0.35845015090634497
P16520,P01189,0.908,0.3716702794571204
P16520,P01042,0.909,0.34068320323734885
P16520,P17252,0.909,0.3354595313100606
P16520,P30559,0.915,0.4425734833708035
P16520,P78508,0.929,0.428291131090417
P16520,Q9NPI9,0.929,0.35276560800649515
P01148,P01178,0.982,0.4560325348848368
P01148,O60229,0.9,0.3524190110826939
P01148,P07492,0.945,0.37942212128593206
P01148,P01042,0.921,0.4426341188649373
P01148,P05019,0.818,0.3378470953598831
P01148,P01189,0.846,0.3824732758716135
P01148,P30559,0.935,0.2664908354646206
P01148,P20366,0.956,0.32072524662038737
P01148,P0C0P6,0.979,0.4182185619886154
P01148,P20396,0.99,0.4808055435612979
P07359,P04275,0.997,0.3959423957882421
P07359,P08514,0.856,0.4495214862275616
P07359,P01042,0.946,0.3981314796019304
P07359,P14770,0.994,0.5797625423784634
P07359,P05106,0.803,0.3807319671297348
P07359,P01008,0.925,0.393732238623433
P07359,P40197,0.956,0.5163947892382066
P07359,P13224,0.991,0.6365343827410965
P13224,P04275,0.967,0.44078463021210007
P13224,P08514,0.659,0.5046839276065431
P13224,P01042,0.904,0.4147230553569787
P13224,P14770,0.952,0.7220355570056837
P13224,P01008,0.9,0.3900346342658526
P13224,P40197,0.982,0.6194937658289765
P40197,P04275,0.974,0.4293433696582548
P40197,P01042,0.902,0.37990000333370944
P40197,P14770,0.993,0.5393414656033513
P40197,P01008,0.923,0.4157657566971106
P14770,P04275,0.974,0.3792009867965224
P14770,P08514,0.828,0.42936533222163836
P14770,P01042,0.913,0.31721285362202356
P14770,P02776,0.647,0.31780640687647593
P14770,P05106,0.725,0.4178083711127822
P14770,P01008,0.909,0.29671396874237393
P42261,P48058,0.947,0.8025632144327528
P42261,P42262,0.967,0.923453751134274
P42261,P41732,0.92,0.32940827821565777
P42261,Q9Y3R0,0.976,0.388378019786748
P42261,P46459,0.947,0.38478105930818174
P42261,Q9NRD5,0.981,0.3726408626424707
P42261,P17252,0.981,0.3661314666657965
P42261,P42263,0.945,0.5987656495713332
P42261,Q9C0E4,0.95,0.3912624685650375
P42262,P48058,0.986,2.474737829580097
P42262,P41732,0.943,0.33295325420802746
P42262,P42263,0.966,0.7631716483917996
P42262,P46459,0.969,0.3853646203279687
P42262,Q9C0E4,0.975,0.3783533437965347
P42262,P17252,0.98,0.3914136069041775
P42262,Q9Y3R0,0.983,0.3781136769307186
P42262,Q9NRD5,0.995,0.3724014724603235
P42263,P48058,0.948,0.8004073349280909
P42263,P41732,0.92,0.3464182728614419
P42263,Q9Y3R0,0.965,0.39201229176782393
P42263,P46459,0.971,0.4003792945705136
P42263,Q9NRD5,0.976,0.3754618958454794
P42263,P17252,0.919,0.3768646783123317
P42263,Q9C0E4,0.962,0.35033275962228844
P48058,P41732,0.914,0.36037551608144314
P48058,P46459,0.929,0.38473047012007966
P48058,Q9C0E4,0.945,0.36950986185517914
P48058,P17252,0.949,0.37286931498876874
P48058,Q9Y3R0,0.964,0.3871079665750464
P48058,Q9NRD5,0.976,0.33332789788791795
Q9Y3R0,O75145,0.671,0.4190817108124958
Q9Y3R0,P41732,0.906,0.40932833983292327
Q9Y3R0,Q9C0E4,0.925,0.6285626189305467
Q9Y3R0,P17252,0.927,0.3506036551220473
Q9Y3R0,P46459,0.94,0.40864461906966665
Q9Y3R0,Q9NRD5,0.994,0.3767225598652111
Q9C0E4,P41732,0.902,0.3647828093238197
Q9C0E4,P46459,0.912,0.39926493898046245
Q9C0E4,Q9NRD5,0.974,0.40197922710429923
Q9C0E4,P17252,0.909,0.3639925079052436
P07492,P01178,0.953,0.41721208984299685
P07492,O60229,0.9,0.32985689566571913
P07492,Q05397,0.625,0.2820090812737872
P07492,P01189,0.678,0.370841577826872
P07492,P01282,0.878,0.4218584608290489
P07492,P30559,0.911,0.36551156293803355
P07492,P01042,0.965,0.30385148326324785
P07492,P20396,0.966,0.4532304793334206
P07492,P0C0P6,0.978,0.3382088423064357
P07492,P20366,0.985,0.284700891173777
P05019,P08253,0.96,0.3212007380117148
P05019,P05121,0.97,0.3201470484856166
P05019,O43639,0.902,0.3355552814273578
P05019,P07996,0.943,0.32191789286430317
P05019,P04275,0.951,0.31449574874424147
P05019,P27361,0.981,0.282920764120486
P05019,P01042,0.93,0.35673931232373185
P05019,P01270,0.864,0.3002236264540098
P05019,P02775,0.918,0.38123013883583723
P05019,P02776,0.929,0.27415673916625477
P05019,P20396,0.646,0.40596178548524414
P05019,P12272,0.736,0.32977905762588133
P05019,P01189,0.817,0.4047257642667968
P05019,P08697,0.907,0.4021630927604396
P05019,P05106,0.924,0.2858529728495752
P05019,P00747,0.956,0.3580409616119259
P05019,P12931,0.984,0.38742576488937897
P05019,Q9H1W9,0.993,0.3579762396803645
P08514,P07996,0.933,0.37193723290512876
P08514,P04275,0.989,0.38706371014857244
P08514,P02776,0.721,0.5472907997423571
P08514,P27361,0.925,0.37386400749604487
P08514,Q05397,0.927,0.41532019408557974
P08514,P12931,0.935,0.43042549959487375
P08514,P05106,0.999,0.3814029816212341
P05106,P05121,0.947,0.39497011567792617
P05106,P07996,0.962,0.40789792004650477
P05106,P04275,0.968,0.4040087712485396
P05106,P27361,0.95,0.3665801768244116
P05106,Q05397,0.972,0.3547466988638026
P05106,P12931,0.97,0.41058479851492574
P05106,P17252,0.735,0.3534916295933273
P05106,Q9H1W9,0.941,0.3392779438599227
Q20BK3,O00401,0.977,0.4054855908803407
Q20BK3,O43426,0.99,0.40511512256451065
O60229,P01178,0.901,0.4365193807511055
O60229,P01042,0.9,0.3613979954288652
O60229,P30559,0.9,0.3765566172774846
O60229,P20366,0.903,0.30890618547098314
O60229,P20396,0.905,0.362403555837561
O60229,P0C0P6,0.905,0.27981058837676476
P78508,Q9NPI9,0.95,0.5788099273529612
P01042,P01178,0.962,0.41851743548510933
P01042,P05121,0.969,0.37879062918577966
P01042,P07996,0.947,0.38959452968899644
P01042,P04275,0.951,0.36206505288127133
P01042,P08473,0.706,0.36467813058613474
P01042,P00797,0.904,0.41104000485646564
P01042,P34741,0.905,0.37544474365018937
P01042,P30559,0.912,0.3258670048853157
P01042,P02775,0.922,0.31530896212651727
P01042,P02776,0.926,0.3348591438357873
P01042,P20396,0.937,0.3804327201993702
P01042,P08697,0.95,0.3858341652744175
P01042,P01189,0.957,0.3452962527073999
P01042,P0C0P6,0.969,0.3711242293060473
P01042,P01008,0.972,0.3887667943315176
P01042,Q9H1W9,0.973,0.3324345100613089
P01042,P00747,0.983,0.3743375549472641
P01042,P20366,0.988,0.3715983230413378
O14910,O75335,0.949,0.38397011529712655
O14910,O75145,0.949,0.443308147056423
O14910,F8VP68,0.96,0.46633490576115655
P27361,P08253,0.702,0.3390513423821957
P27361,P04275,0.942,0.37038582597503855
P27361,P00797,0.6,0.3833962827647053
P27361,Q9H1W9,0.79,0.278848757522059
P27361,P34741,0.912,0.36218726019337555
P27361,Q05397,0.942,0.4360822968905069
P27361,P17252,0.943,0.3375209305825505
P27361,P20936,0.95,0.4465405367558961
P27361,P12931,0.964,0.38401620823129257
P08473,P00797,0.682,0.34613957068669177
P08473,P20366,0.818,0.2424463819983121
P08473,P0C0P6,0.64,0.2960036994595817
P08253,Q05397,0.642,0.3616764327761566
P08253,P05121,0.728,0.39942053770795166
P08253,P00747,0.742,0.3806204712995478
P08253,P34741,0.935,0.38342037850359073
P08253,P07996,0.962,0.35256002958867
P08253,P12931,0.974,0.38717456515307924
P08253,Q9H1W9,0.979,0.33293769259383454
P16333,O00401,0.992,0.35529721990822904
P16333,O43639,0.973,1.5001855802875803
P16333,P20936,0.953,0.3526529339060346
P16333,Q05397,0.977,0.3517282429449648
P16333,P12931,0.945,0.35907436377862756
P16333,Q9H1W9,0.925,0.28548251272120784
O43639,O00401,0.987,0.35938799817521183
O43639,Q9H1W9,0.908,0.3121002171607712
O43639,P12931,0.941,0.362198636859547
O43639,Q05397,0.953,0.3411023156251891
P0C0P6,P01178,0.986,0.3550812572503747
P0C0P6,P01270,0.926,0.3646768454856688
P0C0P6,P20396,0.976,0.3471911549284543
P0C0P6,P20366,0.992,0.35526121123380483
P0C0P6,P30559,0.966,0.23484597374303257
P0C0P6,P01282,0.988,0.385179026385577
P0C0P6,P12272,0.919,0.3351555936883476
P0C0P6,P01189,0.988,0.38157016594516585
P46459,Q9NRD5,0.957,0.4086448860648859
P01178,P01282,0.61,0.38733886407826945
P01178,P01189,0.854,0.45322951924334376
P01178,P20366,0.967,0.3231860784935238
P01178,P20396,0.985,0.44698345668233597
P01178,P30559,0.997,0.29433502031202385
P30559,P20396,0.934,0.43261919622124323
P30559,P20366,0.918,0.3380730051708911
P02776,P05121,0.946,0.39368866869385893
P02776,P07996,0.955,0.307273416318399
P02776,P04275,0.967,0.3957451255011809
P02776,P02775,0.98,0.422432568392776
P02776,P01008,0.789,0.41849440899354395
P02776,P01189,0.903,0.38068910933357303
P02776,P08697,0.952,0.3063907051234041
P02776,P00747,0.954,0.3806760411829615
P02776,Q9H1W9,0.973,0.3834770118386036
Q9NRD5,P41732,0.953,0.356990854033324
Q9NRD5,P17252,0.994,0.3774989497963953
P00747,P05121,0.998,0.37658410240994883
P00747,P07996,0.972,0.3788355430326218
P00747,P04275,0.983,0.3806515415412489
P00747,P00797,0.613,0.3716643437208522
P00747,P02775,0.957,0.3530713848039214
P00747,Q9H1W9,0.969,0.3310150636163348
P00747,P01008,0.99,0.332958288199653
P00747,P08697,0.995,0.39768318423396587
P01189,P00797,0.839,0.4079570380223577
P01189,P01270,0.964,0.34444287921588557
P01189,P02775,0.9,0.3346560293940808
P01189,P20396,0.872,0.5373925057955419
P01189,P20366,0.726,0.306163741538282
P01189,P01282,0.966,0.465196371294987
P01189,P12272,0.929,0.4399027895002177
P02775,P05121,0.951,0.32089847065720223
P02775,P07996,0.935,0.2908529557656395
P02775,P04275,0.966,0.36228603657372027
P02775,P01008,0.763,0.3623857734381629
P02775,Q9H1W9,0.94,0.3034670994344707
P02775,P08697,0.956,0.3063422764939308
F8VP68,O75335,0.908,0.5162403772204598
F8VP68,O75145,0.928,0.5381383648536746
O75145,O75335,0.915,0.955195299582862
P17252,P10301,0.677,0.32760758796579104
P17252,P20936,0.91,0.3925299261942895
P17252,Q05397,0.822,0.37082948970257024
P17252,P12931,0.956,0.3997449045635819
P17252,Q9H1W9,0.627,0.34487893516071133
P01270,P00797,0.731,0.2603567319244698
P01270,P01282,0.954,0.3141518575568965
P01270,P12272,0.995,0.3745955098936309
P12272,P01282,0.924,0.41879668486069843
P12272,Q9H1W9,0.765,0.3850404006006214
Q05397,O00401,0.979,0.37924311340494016
Q05397,P10301,0.921,0.3600016345260542
Q05397,P07996,0.712,0.35852329730152943
Q05397,P04275,0.923,0.384919742319783
Q05397,P20936,0.928,0.40540824543895815
Q05397,Q9H1W9,0.963,0.3385097434772672
Q05397,P12931,0.971,0.377587965365468
P20936,P10301,0.952,0.4945726958476555
P20936,P34741,0.943,0.33766683036273915
P20936,P12931,0.96,0.41607987989580264
P00797,P05121,0.676,0.38929835455596984
P00797,Q9H1W9,0.657,0.3135955287387847
P00797,Q13621,0.694,0.40490773768612953
P10301,Q13009,0.899,0.37476373277439123
P10301,P12931,0.953,0.37450665307335096
P34741,P12931,0.924,0.4151703849801154
P34741,P01008,0.943,0.3733865347157427
P01008,P04275,0.983,0.3751919743708663
P05121,P08697,0.936,0.36556794968379847
P05121,P07996,0.969,0.38850834392395506
P05121,P04275,0.978,0.3871542839308602
P05121,Q9H1W9,0.982,0.33301602988581
P08697,P07996,0.908,0.42299380350175053
P08697,P04275,0.956,0.3843558365010409
P08697,Q9H1W9,0.917,0.3254200495104401
Q13621,P48764,0.845,0.3801942942039921
Q13621,Q9Y6R1,0.644,0.40219195870962443
Q9Y6R1,P48764,0.773,0.37039271071041613
P12931,O00401,0.988,0.3688172606774325
P12931,P04275,0.939,0.3888424790244213
P12931,Q13009,0.969,0.3921237977012556
P12931,P20366,0.606,0.3074888148003956
P12931,Q9H1W9,0.987,0.3220809297657231
O43426,O00401,0.957,0.37256404640486185
P20366,P20396,0.97,0.33674560784395335
P20366,P01282,0.921,0.42613692654363605
P07996,P04275,0.978,0.383538404339142
P07996,Q9H1W9,0.99,0.32643975537928416
P20396,P01282,0.692,0.4069919017929393
Q9H1W9,P04275,0.986,0.34479520648384776
Q9H1W9,P01282,0.703,0.39534330817202756
P13500,P35968,0.545,0.30041470874063914
P13500,P04275,0.567,0.35746987366375127
P13500,Q96D42,0.568,0.34022251757846
P13500,P00797,0.592,0.2948218425898498
P13500,O95863,0.631,0.2150500914651575
P13500,P24385,0.647,0.3059551153794851
P13500,Q16665,0.665,0.20749599839935973
P13500,P01588,0.683,0.3945271571832196
P13500,B5A923,0.695,0.32832816373302576
P13500,P04406,0.71,0.2766506334135386
P13500,P01579,0.798,0.3688346481449723
P13500,Q9H1W9,0.914,0.3569028689397837
P13500,P01584,0.95,0.28668750357285777
P13500,P01375,0.971,0.24452451153621624
P13500,Q9UCS0,0.98,0.43970642196272436
P13500,P40763,0.981,0.2193769936546047
P13500,P05231,0.982,0.31102797179477853
P13500,P22301,0.995,0.4120144889124483
P24385,P22223,0.402,0.3559280235483859
P24385,Q9UMX1,0.411,0.3576453189306221
P24385,P22301,0.418,0.378010150787745
P24385,P11166,0.441,0.3783261630282285
P24385,Q9UP71,0.447,0.3675197965375431
P24385,B5A923,0.46,0.36413995981488
P24385,Q07157,0.482,0.3633514017937194
P24385,Q16665,0.517,0.3548705341161543
P24385,Q9UCS0,0.544,0.34527795403875844
P24385,Q02962,0.557,0.3440943505918522
P24385,Q5VZ84,0.565,0.3567590984328785
P24385,Q86XG7,0.591,0.38339410108350036
P24385,P35968,0.595,0.3419240105785908
P24385,P99999,0.637,0.22647996426437053
P24385,P49023,0.652,0.36992296955666565
P24385,Q8IYZ5,0.658,0.3900422762474334
P24385,O95863,0.669,0.3789005643635538
P24385,P98170,0.701,0.32058427141409584
P24385,Q05397,0.718,0.39578105252538887
P24385,P01375,0.725,0.33566660120861447
P24385,P04406,0.769,0.3505360011952721
P24385,Q9H1W9,0.784,0.32182895377733434
P24385,P05231,0.813,0.3703462460433884
P24385,P56704,0.821,0.3623705556110943
P24385,P12830,0.825,0.3958416782774947
P24385,O43623,0.848,0.3498886598239308
P24385,Q969G3,0.908,0.3870584104029839
P24385,Q8TAQ2,0.91,0.3496606926504673
P24385,Q92922,0.915,0.3677838713712269
P24385,Q9H2C9,0.917,0.34539784857527067
P24385,P51531,0.918,0.29801608320555356
P24385,Q9H2T5,0.925,0.358414751185133
P24385,P08151,0.927,0.35271156615802446
P24385,Q92925,0.93,0.365968767661774
P24385,Q6STE5,0.933,0.36377116484833893
P24385,Q96GM5,0.938,0.3922342206575422
P24385,Q9NQB5,0.959,0.3385688363968873
P24385,P51532,0.963,0.3001724757783953
P24385,Q92793,0.964,0.36231572612266316
P24385,Q9UJU2,0.969,0.3533414155889498
P24385,Q09472,0.97,0.320485961107703
P24385,Q12824,0.97,0.3694843384368201
P24385,P49841,0.99,0.3603757298309129
P24385,P40763,0.993,0.39694547962730187
P24385,P35222,0.995,0.38956297401111606
Q9Y5K6,P12830,0.556,0.392858548209998
Q9Y5K6,P22223,0.477,0.41803409198199504
Q9Y5K6,Q9H2C9,0.442,0.3679495453081427
Q9Y5K6,Q07157,0.52,0.43528429508757566
Q9Y5K6,B5A923,0.933,0.3983218765937854
Q9Y5K6,P49768,0.534,0.36832163004652807
Q9Y5K6,Q8IYZ5,0.644,0.3709856199001243
Q9Y5K6,Q06413,0.456,0.4223547327454483
Q9Y5K6,P06241,0.954,0.3667587435502637
Q9Y5K6,Q9H1W9,0.923,0.31528038511654755
Q9Y5K6,O00159,0.926,0.40561894064244913
Q9Y5K6,Q9NP85,0.997,0.4210623690626092
Q9Y5K6,O60500,0.997,0.37749660542594765
P12830,P08151,0.822,0.3827669907772512
P12830,P04406,0.791,0.3829948840619748
P12830,O95863,0.997,0.3133074806446059
P12830,P40337,0.717,0.36893366486585216
P12830,P98170,0.401,0.38575239900546954
P12830,Q12824,0.403,0.3679793262598958
P12830,O00501,0.422,0.3657592108077807
P12830,B5A923,0.434,0.40632845074475465
P12830,Q86XG7,0.44,0.40209070695795757
P12830,Q16665,0.473,0.3945495954216358
P12830,P15976,0.478,0.39662066656036193
P12830,Q7LBX6,0.505,0.39710363961944584
P12830,Q02962,0.532,0.4438753365933027
P12830,Q92793,0.554,0.4006699930140405
P12830,P35968,0.563,0.4010031219561433
P12830,P01375,0.6,0.3588497908408357
P12830,P57739,0.608,0.37807556102106266
P12830,P56704,0.624,0.37650938248427535
P12830,P49023,0.628,0.3662684255179752
P12830,P11166,0.632,0.4047030385970551
P12830,P01584,0.633,0.378352306503175
P12830,Q9NPC8,0.642,0.3537602689661694
P12830,Q05397,0.651,0.37290473657235224
P12830,P22301,0.666,0.38604479441392875
P12830,Q9UJU2,0.669,0.365088590980191
P12830,P51532,0.739,0.40015713158665367
P12830,Q8IYZ5,0.759,0.3516735087561895
P12830,Q9UCS0,0.763,0.35316728466278285
P12830,P05231,0.788,0.3379687421654683
P12830,Q09472,0.798,0.366060569955833
P12830,Q9H1W9,0.826,0.3608568364992869
P12830,P40763,0.831,0.3699295775964149
P12830,P49841,0.847,0.39594009814721565
P12830,Q53T71,0.881,0.399040380764272
P12830,Q16625,0.895,0.33865682558132815
P12830,P20827,0.937,0.34523655110462614
P12830,P22223,0.942,0.4684948698118009
P12830,P49768,0.964,0.4231625531298343
P12830,P35221,0.974,0.38484140844673215
P12830,Q07157,0.986,0.4030747607087974
P12830,Q9H2C9,0.995,0.37871617880403574
P12830,P14923,0.995,0.3973275779328751
P12830,O43623,0.996,0.3340083651645044
P12830,Q5VZ84,0.997,0.3890645799904368
P12830,P16591,0.999,0.3653358089238311
P12830,Q9UP71,0.999,0.42030821165197685
P12830,P35222,0.999,0.39667699260392364
P12830,P06241,0.999,0.3804675434322573
P22223,O95863,0.519,0.31611651336839586
P22223,Q9UJU2,0.429,0.36789775888637366
P22223,Q5VZ84,0.475,0.3840819315751174
P22223,Q9H2C9,0.524,0.4256120340363411
P22223,Q9NP85,0.558,0.4005562303380698
P22223,O60500,0.609,0.45146044211032565
P22223,Q07157,0.611,0.39543084250810345
P22223,O43623,0.698,0.3274463962818822
P22223,P35221,0.963,0.38805578840702737
P22223,Q9UP71,0.986,0.3900656445432925
P22223,P14923,0.992,0.3822924533414128
P22223,P35222,0.996,0.4043821621423338
P13569,P02730,0.418,0.4237467009492808
P13569,P05231,0.426,0.37274979755210086
P13569,P04406,0.447,0.3538858162635993
P13569,P01375,0.45,0.40120930121007553
P13569,P57739,0.45,0.39646569517940033
P13569,P13866,0.501,0.4103303347711971
P13569,Q13621,0.516,0.3922725018444425
P13569,P19634,0.526,0.42080003775606
P13569,P01579,0.561,0.368708612436465
P13569,P09683,0.564,0.3569255934697111
P13569,Q96Q92,0.601,0.3904778256949653
P13569,P04920,0.603,0.38184272479158926
P13569,P01584,0.61,0.371881949244657
P13569,Q9Y696,0.624,0.3511191820370104
P13569,P51800,0.625,0.40635327435567803
P13569,Q8N3U2,0.699,0.40044232491370424
P13569,Q9UNE7,0.7,0.3729190925768405
P13569,C9JST9,0.721,0.40945159551368016
P13569,Q9Y6R1,0.734,0.40336424583607167
P13569,Q07157,0.741,0.3646897741212315
P13569,Q9UCS0,0.745,0.3019648573715201
P13569,P55011,0.752,0.39799650152882715
P13569,P48764,0.838,0.44567552060172655
P13569,P98164,0.917,0.32621295696967556
P13569,Q9H2C9,0.936,0.39802831476732636
Q99653,P04406,0.527,0.28862830384311733
Q99653,P19634,0.998,0.3650999258353279
Q99653,P48764,0.912,0.3146563122899273
P51800,Q15849,0.579,0.42658216013229455
P51800,P19634,0.556,0.45736302863362066
P51800,Q9Y6R1,0.431,0.40763750950335387
P51800,P78508,0.47,0.4226647318598624
P51800,Q9Y696,0.625,0.38233220743387963
P51800,P55017,0.667,0.4044904785247314
P51800,Q13621,0.697,0.3816478626302171
P57739,P40763,0.508,0.4035368845613554
P57739,Q9H2C9,0.572,0.4098086424132008
P57739,Q07157,0.934,0.31952697297965826
P57739,P06241,0.425,0.3464255616548006
P57739,Q16625,0.944,0.3977358377042445
P57739,P20827,0.487,0.3442929842431881
P57739,O00501,0.912,0.8871965306834424
P57739,P05231,0.689,0.40505029061147335
P57739,P01375,0.615,0.3995690682242888
O00501,P04406,0.458,0.35824376778051414
O00501,P04275,0.895,0.43751201315623856
O00501,P35968,0.525,0.3761670627597503
O00501,P40763,0.478,0.3365902899193508
O00501,Q07157,0.943,0.30203211296708343
O00501,Q9UCS0,0.577,0.31961295946950197
O00501,P35222,0.447,0.3818569221598093
O00501,Q16625,0.973,0.3276112457878513
O00501,Q86T13,0.56,0.4695351217410039
O00501,Q9UP71,0.477,0.3382620655268205
O00501,P01375,0.451,0.4448829472979498
O00501,P11166,0.474,0.4431564689337706
O00501,Q96KS4,0.563,0.3670219366590117
O00501,Q9H1W9,0.593,0.35497690457890124
O00501,P05231,0.65,0.4068831572299946
Q86T13,P04275,0.709,0.45633422361982146
Q9Y696,P01584,0.434,0.4317805310712344
Q9Y696,O95907,0.544,0.3782380926187461
Q9Y696,Q9Y5N1,0.547,0.3574322916976965
Q9Y696,P31629,0.715,0.33325009422215846
Q9Y696,P01375,0.512,0.3615053858564584
Q92793,P04406,0.51,0.4155055738091994
Q92793,O95863,0.443,0.47418040091637736
Q92793,Q9Y5W3,0.508,0.4571325632011711
Q92793,P01588,0.928,0.39806717606315156
Q92793,Q92922,0.942,0.3743363170065748
Q92793,P40337,0.433,0.35808716576149846
Q92793,Q6STE5,0.932,0.3609267781317971
Q92793,P14923,0.405,0.4216912583561253
Q92793,Q15369,0.422,0.3060317877150858
Q92793,P05231,0.429,0.3984786359127372
Q92793,P49841,0.432,0.3843677935099227
Q92793,Q9NWT6,0.437,0.37317576449432766
Q92793,Q9H2C9,0.454,0.3759122709354837
Q92793,Q5VZ84,0.495,0.4495616010990549
Q92793,Q8IYZ5,0.629,0.46834680697435815
Q92793,P51531,0.686,0.41925431493378984
Q92793,P15976,0.734,0.4319378824119725
Q92793,Q13351,0.735,0.5322241771866337
Q92793,P01584,0.918,0.40225979686182894
Q92793,Q969G3,0.927,0.35567378710821695
Q92793,Q96GM5,0.931,0.41537657405164785
Q92793,P01375,0.937,0.44010129419762734
Q92793,Q8TAQ2,0.938,0.37973058127745807
Q92793,Q9UCS0,0.946,0.2908108957868862
Q92793,Q9H1W9,0.956,0.30577833576077396
Q92793,Q12824,0.959,0.39895662284157385
Q92793,Q9UJU2,0.962,0.4521775338306073
Q92793,P40763,0.971,0.40091545318994526
Q92793,Q06413,0.98,0.41585738826210283
Q92793,P35222,0.984,0.39969337160566676
Q92793,P51532,0.985,0.4483672727855132
Q92793,Q9NQB5,0.987,0.4536321121915332
Q92793,Q09472,0.99,0.6372036404474497
Q92793,Q16665,0.998,0.39024464832823846
P35221,P35968,0.907,0.37989408189874607
P35221,Q9H2C9,0.962,0.3706603290760346
P35221,P16591,0.906,0.39459960580579545
P35221,Q07157,0.975,0.3862493337222378
P35221,P42262,0.901,0.41632724434868396
P35221,P49768,0.51,0.4477500852918671
P35221,Q53T71,0.902,2.301472361134528
P35221,P06241,0.912,0.39125700786095813
P35221,Q9H1W9,0.913,0.2675329822166792
P35221,Q06413,0.914,0.36949357395280613
P35221,P20827,0.915,0.32119475076713766
P35221,Q9UP71,0.987,0.4045674842614809
P35221,P14923,0.993,0.4386550576560117
P35221,P35222,0.999,0.43290660671133174
Q53T71,Q07157,0.886,0.3937772632411015
Q53T71,Q06413,0.933,0.3627684631832729
Q53T71,P35222,0.995,0.44317405229115964
Q53T71,Q9NSA3,0.42,0.26381832001093125
Q53T71,P14923,0.672,0.44312647382171805
Q53T71,Q9UP71,0.658,0.39940030564733575
P35222,P08151,0.643,0.3850407913238084
P35222,P04406,0.765,0.3695937753853945
P35222,O95863,0.814,0.3860330616915004
P35222,Q9Y5W3,0.621,0.3539717193206494
P35222,P40337,0.459,0.43222613069965976
P35222,Q12824,0.511,0.37557401970112
P35222,Q09472,0.977,0.4013764209979295
P35222,P35968,0.967,0.39024755909668307
P35222,P40763,0.76,0.38865131750626497
P35222,Q9UJU2,0.999,0.34093023189163946
P35222,P51531,0.435,0.3817796319000605
P35222,P49023,0.622,0.3599771890064838
P35222,Q9H2C9,0.99,0.3684136029697632
P35222,P16591,0.999,0.378719737941302
P35222,Q07157,0.976,0.37783719205456123
P35222,B5A923,0.769,0.4016547133084486
P35222,P56704,0.995,0.35701704955251734
P35222,P42262,0.905,0.3887700707938533
P35222,Q9UCS0,0.4,0.28410400134079605
P35222,P49841,0.998,0.3920832465317212
P35222,P49768,0.994,0.3867167621728299
P35222,Q8IYZ5,0.576,0.3442650684359553
P35222,Q86XG7,0.572,0.40460887202535845
P35222,Q06413,0.937,0.38481476563632
P35222,Q05397,0.67,0.3777827316048372
P35222,P00558,0.434,0.40564720632433826
P35222,P29323,0.443,0.3882594183808804
P35222,Q9UMX1,0.474,0.36361375051164224
P35222,P01375,0.483,0.37645942866607596
P35222,P05231,0.484,0.2811281682154325
P35222,Q9NRD5,0.49,0.4165879241611538
P35222,Q16625,0.604,0.3437625931046113
P35222,Q5VZ84,0.608,0.4084686898258153
P35222,P34925,0.652,0.41173403186005336
P35222,O43623,0.709,0.3142605153676441
P35222,Q16665,0.795,0.37048003664027884
P35222,P20827,0.915,0.3600533684515103
P35222,P14923,0.968,0.691408064087536
P35222,Q9H1W9,0.979,0.3358685800570722
P35222,P51532,0.983,0.41628868442862277
P35222,Q9UP71,0.988,0.3661700342472868
P35222,Q9NQB5,0.998,0.4089563265881353
P35222,Q9NSA3,0.999,0.27226301496208244
P35222,P06241,0.999,0.3785864821704163
Q9NSA3,Q9UJU2,0.4,0.2529175633668102
Q9NSA3,P49841,0.787,0.2878236233517798
Q9NSA3,Q9NQB5,0.509,0.4333778992010701
Q9NSA3,P14923,0.49,0.24857557047209128
Q9UP71,O95863,0.67,0.3614424632478198
Q9UP71,P49023,0.536,0.4293024772658256
Q9UP71,Q9H2C9,0.967,0.3872526223731457
Q9UP71,P16591,0.999,0.371687768270879
Q9UP71,Q07157,0.985,0.4108366380286952
Q9UP71,P42262,0.902,0.38250869919517005
Q9UP71,P49841,0.553,0.4267180763285956
Q9UP71,P49768,0.727,0.4146862827359107
Q9UP71,Q05397,0.483,0.3989060554975406
Q9UP71,P06241,0.999,0.38427980261891537
Q9UP71,Q16625,0.596,0.3648617455340238
Q9UP71,P20827,0.925,0.3242417797917593
Q9UP71,P14923,0.972,0.4039584996662401
Q9UP71,O43623,0.453,0.3593729453566842
Q9UP71,Q9H1W9,0.415,0.3188447899278203
O60494,P98164,0.997,0.3657940016614017
O60494,P48764,0.55,0.36106633853656844
O60494,Q96D42,0.409,0.3963323865097561
O60494,Q9NP85,0.539,0.3791456676577639
O60494,O60500,0.471,0.4134356054226174
Q9UCS0,Q13651,0.466,0.4057942046948648
Q9UCS0,P01579,0.887,0.3187011375978962
Q9UCS0,P04406,0.717,0.24392834146645676
Q9UCS0,O95863,0.795,0.2246048848110673
Q9UCS0,P01588,0.475,0.44807727376664963
Q9UCS0,P04275,0.587,0.40671051797342317
Q9UCS0,Q09472,0.959,0.23886553192705656
Q9UCS0,P01584,0.992,0.311509961127308
Q9UCS0,P35968,0.772,0.3912421059332824
Q9UCS0,P19634,0.463,0.32797609043617443
Q9UCS0,P40763,0.983,0.257810956417199
Q9UCS0,Q9UQ90,0.747,0.347137340650546
Q9UCS0,Q9H2C9,0.817,0.5369044596193456
Q9UCS0,Q07157,0.534,0.3638766077859716
Q9UCS0,B5A923,0.559,0.3782401835192951
Q9UCS0,Q05397,0.402,0.27634080775167214
Q9UCS0,P98170,0.414,0.24228125535928663
Q9UCS0,Q8IYZ5,0.476,0.33151292291808504
Q9UCS0,P99999,0.489,0.22095052306636945
Q9UCS0,Q16665,0.522,0.3379535385582805
Q9UCS0,Q16625,0.545,0.22004343425681966
Q9UCS0,O43623,0.639,0.24964394329160242
Q9UCS0,Q9Y5N1,0.9,0.29897664780197797
Q9UCS0,Q9H1W9,0.954,0.33603920312713836
Q9UCS0,P01375,0.973,0.31245073743783225
Q9UCS0,P05231,0.985,0.3783545444151688
Q9UCS0,P22301,0.996,0.30485474449520067
P99999,P04406,0.845,0.33642442039708953
P99999,P60174,0.647,0.2964563946042858
P99999,Q71V37,0.505,0.36922552144180876
P99999,P01588,0.471,0.258750981645682
P99999,P01584,0.472,0.19198327492583872
P99999,P40763,0.57,0.2471227914242619
P99999,Q9H2C9,0.538,0.26359615612529036
P99999,P61088,0.403,0.2881918865756269
P99999,P49841,0.422,0.286651209500821
P99999,Q96KS4,0.431,0.31887388724236654
P99999,Q16665,0.449,0.2736807371935005
P99999,P22301,0.473,0.24546866339666004
P99999,P11166,0.531,0.27168910137833546
P99999,P49768,0.536,0.26558532762403453
P99999,P05231,0.588,0.23918536875321006
P99999,P00558,0.601,0.29170375576452146
P99999,Q9H1W9,0.616,0.277675590071539
P99999,P01375,0.69,0.2896374546138695
P99999,P98170,0.787,0.26666007295516164
P20827,P29322,0.995,0.4734794665857163
P20827,P01588,0.497,0.3118506403579738
P20827,P35968,0.775,0.32612133953405287
P20827,Q9H2C9,0.776,0.32783453102905746
P20827,B5A923,0.739,0.3566561762823558
P20827,P06241,0.938,0.262119601254801
P20827,P01375,0.519,0.3108276863777918
P20827,Q9H1W9,0.545,0.3698880907066561
P52803,Q99972,0.468,0.37329309744398087
P52803,P29322,0.995,0.34219787626441744
P52803,P01588,0.422,0.3457049644315122
P52803,P35968,0.726,0.33379579549277716
P52803,O14786,0.424,0.4128403867374454
P52803,Q9H2C9,0.832,0.31279581082326513
P52803,B5A923,0.696,0.3977767520433931
P52803,Q9H1W9,0.444,0.38019625595203826
P52803,P06241,0.94,0.32342287020112137
P98172,P29322,0.993,0.3841806104561023
P98172,P35968,0.402,0.4031821779553493
P98172,P49768,0.425,0.371003411151433
P98172,P01588,0.446,0.36448614874957497
P98172,Q9H1W9,0.484,0.34451304042045033
P98172,Q9H2C9,0.498,0.3991935607350308
P98172,Q9NQB5,0.538,0.3925468122753915
P98172,Q9NRD5,0.542,0.3858028582917874
P98172,P34925,0.579,0.45710640445378015
P98172,P40763,0.882,0.384353057369275
P98172,P49023,0.92,0.396647452624181
P98172,P06241,0.94,0.3525684671939367
P52799,P29322,0.992,0.36631048782460773
P52799,P34925,0.403,0.4075489451498009
P52799,Q9H2C9,0.474,0.3781523066077911
P52799,Q9NRD5,0.509,0.3735286096544653
P52799,B5A923,0.52,0.4153438900485864
P52799,Q7LBX6,0.536,0.3466590254079456
P52799,P05231,0.542,0.3554170866339798
P52799,P49768,0.613,0.3629004767269584
P52799,P01588,0.626,0.3467291531769525
P52799,O14786,0.676,0.3875131897785934
P52799,P35968,0.774,0.36542168321209934
P52799,P49023,0.923,0.42274967047054385
P52799,P06241,0.94,0.36106266250896424
Q9H2C9,Q9UNE7,0.62,0.3876187164889441
Q9H2C9,P08151,0.611,0.3834618329513023
Q9H2C9,P01579,0.766,0.34843259052153447
Q9H2C9,P04406,0.885,0.36206385001244795
Q9H2C9,O95863,0.679,0.36902760968786913
Q9H2C9,P01588,0.764,0.438012149187719
Q9H2C9,P40337,0.568,0.3805973586205444
Q9H2C9,P04275,0.401,0.411396273525362
Q9H2C9,Q12824,0.703,0.3478215130965935
Q9H2C9,Q09472,0.521,0.37463662414165727
Q9H2C9,P01584,0.414,0.3678940160978061
Q9H2C9,P98164,0.92,0.3849022110377427
Q9H2C9,P35968,0.525,0.39461002897090325
Q9H2C9,P19634,0.957,0.3581505145340961
Q9H2C9,P40763,0.998,0.3642401000263987
Q9H2C9,Q9UJU2,0.443,0.3472746377602375
Q9H2C9,O14786,0.685,0.3873465692796777
Q9H2C9,P13866,0.745,0.3572889575771329
Q9H2C9,P49023,0.966,0.37022337770802033
Q9H2C9,P00797,0.522,0.3831667196172532
Q9H2C9,B5A923,0.441,0.3948178811256462
Q9H2C9,P11166,0.511,0.37230539393466267
Q9H2C9,Q9GZT9,0.513,0.36064980226400867
Q9H2C9,Q16625,0.515,0.3423762200461622
Q9H2C9,O14910,0.524,0.37764258916561044
Q9H2C9,P56704,0.55,0.41227161043869825
Q9H2C9,P98170,0.563,0.3856445666044666
Q9H2C9,Q86XG7,0.566,0.36380469963234235
Q9H2C9,Q96KS4,0.575,0.3692810416250071
Q9H2C9,Q969G3,0.575,0.36564448620587975
Q9H2C9,P16591,0.598,0.3564521404957788
Q9H2C9,Q5VZ84,0.649,0.35730188799564144
Q9H2C9,Q8IYZ5,0.675,0.3643791425233313
Q9H2C9,P51532,0.684,0.37054099729188317
Q9H2C9,P01375,0.716,0.3729165160891314
Q9H2C9,Q07157,0.747,0.38772049977832235
Q9H2C9,O43623,0.846,0.3232945893177649
Q9H2C9,P22301,0.88,0.404587159426281
Q9H2C9,P05231,0.921,0.36154568432246037
Q9H2C9,Q05397,0.926,0.3549957320700481
Q9H2C9,P06241,0.936,0.35534507797379344
Q9H2C9,P14923,0.965,0.350279779396572
Q9H2C9,Q16665,0.973,0.40173283763028844
Q9H2C9,Q9H1W9,0.979,0.4308662038885167
Q9GZT9,P19235,0.44,0.3873550833766459
Q9GZT9,P01588,0.674,0.36586342818268375
Q9GZT9,P40337,0.989,0.2935001331776525
Q9GZT9,Q15370,0.952,0.28333827881435053
Q9GZT9,Q09472,0.511,0.4009121056809526
Q9GZT9,B5A923,0.409,0.3707437967512708
Q9GZT9,Q9NWT6,0.726,0.3592668580135028
Q9GZT9,P00558,0.429,0.4381266167422211
Q9GZT9,P11166,0.582,0.38419389773122253
Q9GZT9,Q9H1W9,0.801,0.28988229183052316
Q9GZT9,Q15369,0.961,0.2774814092303588
Q9GZT9,Q16665,0.999,0.3744393583714839
Q71V37,P04406,0.995,0.44399945401442864
Q71V37,P60174,0.996,0.414440399629574
Q71V37,Q16665,0.448,0.3857836627475118
Q71V37,P06241,0.501,0.3990882918086218
Q71V37,P11166,0.6,0.40178650632270985
Q71V37,P00558,0.991,0.42825341739721356
Q09472,Q9UNE7,0.424,0.3485216516003486
Q09472,P04406,0.753,0.4126314761397434
Q09472,O95863,0.564,0.4287834838022773
Q09472,Q9Y5W3,0.615,0.4518571399358528
Q09472,P01588,0.943,0.38864473959441515
Q09472,Q92922,0.529,0.37510293009103834
Q09472,P40337,0.759,0.3417752067932749
Q09472,Q6STE5,0.444,0.3720214252130062
Q09472,Q12824,0.58,0.3517748080202373
Q09472,P49841,0.405,0.34282358081313546
Q09472,P14923,0.405,0.4280183348459571
Q09472,Q96GM5,0.433,0.39577597173675366
Q09472,P11166,0.44,0.4143939126266366
Q09472,P05231,0.478,0.37230124165820644
Q09472,Q15369,0.499,0.2748224858125067
Q09472,Q8TAQ2,0.515,0.3584269871241791
Q09472,Q15532,0.526,0.5402769335660687
Q09472,Q13351,0.618,0.45778400639014494
Q09472,Q9NWT6,0.642,0.4144959773436414
Q09472,Q5VZ84,0.644,0.41924815806056515
Q09472,P51531,0.676,0.47387600592287316
Q09472,P51532,0.708,0.4352448131637585
Q09472,P07359,0.907,0.41739323114899507
Q09472,Q8IX07,0.921,0.49238040459153287
Q09472,P01584,0.923,0.3755288967552503
Q09472,P01375,0.961,0.40816124929486397
Q09472,P15976,0.972,0.41652517611305295
Q09472,Q9H1W9,0.973,0.3165867154172177
Q09472,P40763,0.976,0.39015030019784214
Q09472,Q9UJU2,0.978,0.4396348039572975
Q09472,Q06413,0.988,0.4785588634744864
Q09472,Q9NQB5,0.992,0.4405923546765903
Q09472,Q16665,0.998,0.4094214502996137
P29322,P06241,0.433,0.3481676134972625
P29322,Q9NRD5,0.523,0.34414340232019486
P29322,P29323,0.904,0.5459760415978991
P29323,P01588,0.42,0.42961790402284616
P29323,P49023,0.651,0.3834884166407046
P29323,P49768,0.93,0.393258411244256
P29323,P06241,0.916,0.4005133344696383
P29323,Q9NQB5,0.529,0.3610516813350814
P29323,P34925,0.555,0.3880933024982991
P29323,Q9H1W9,0.596,0.3738912586877855
P01588,P19235,0.999,0.4628692316189944
P01588,Q13651,0.627,0.47898366324993225
P01588,P01579,0.473,0.3581998320280325
P01588,P04406,0.474,0.33008104846956
P01588,Q15370,0.41,0.27802623874408516
P01588,Q8IX07,0.425,0.38048529738971804
P01588,Q9NWT6,0.448,0.35357129990430436
P01588,P04275,0.476,0.3807622335214809
P01588,Q6FI08,0.491,0.3459143026729653
P01588,P11166,0.571,0.40509335690861364
P01588,Q13351,0.581,0.448719908384856
P01588,P01375,0.63,0.40141331032093375
P01588,P40337,0.661,0.3743489497263086
P01588,B5A923,0.665,0.42303328804972745
P01588,P00797,0.67,0.4517778142119594
P01588,P15260,0.671,0.35163595298454464
P01588,P01584,0.675,0.34129776474243545
P01588,P15976,0.7,0.44739882571167566
P01588,P22301,0.706,0.3780489742320543
P01588,P40763,0.738,0.3685373003162662
P01588,P35968,0.75,0.3852519392316234
P01588,P05231,0.833,0.4393951179251927
P01588,Q9H1W9,0.918,0.36205787493191754
P01588,Q16665,0.984,0.3014176977559138
P19235,P25791,0.409,0.3045177200147417
P19235,Q15369,0.423,0.28252113345338126
P19235,P35968,0.446,0.411429906354063
P19235,Q16665,0.455,0.3857041009350597
P19235,Q15370,0.468,0.29982235832185977
P19235,P40337,0.492,0.3994872975090634
P19235,Q8IYZ5,0.513,0.3782001931227088
P19235,Q8IX07,0.516,0.4384833080700563
P19235,P40763,0.562,0.43307293334898933
P19235,P01375,0.57,0.4074649621118624
P19235,Q13351,0.651,0.4766048358572065
P19235,P01579,0.675,0.3674684044988794
P19235,P22301,0.683,0.3560559245043714
P19235,Q9H1W9,0.708,0.34834329780674217
P19235,P15976,0.72,0.47731472561363314
P19235,P05231,0.768,0.473088427326774
P16591,P40763,0.573,0.4040299709526202
P16591,P14923,0.942,0.39644684542897457
B5A923,P04406,0.537,0.3715324818005251
B5A923,P04275,0.697,0.3682229023642739
B5A923,P35968,0.988,0.5655532949633705
B5A923,P40763,0.682,0.38999846876338073
B5A923,O14786,0.995,0.3817098464607803
B5A923,P49023,0.927,0.3742293439058032
B5A923,P22301,0.426,0.3316489078716442
B5A923,P11166,0.47,0.416628638603026
B5A923,P01375,0.509,0.41048689497566715
B5A923,P05231,0.56,0.43065144368210434
B5A923,P06241,0.562,0.38015467618781673
B5A923,Q16665,0.639,0.39881114329544454
B5A923,Q05397,0.973,0.38155010985161913
B5A923,Q7LBX6,0.988,0.3873390704755003
B5A923,Q9H1W9,0.999,0.3641113303252238
P54710,Q13651,0.554,0.17697563874034467
P54710,P19634,0.586,0.34122103386809277
P54710,P07911,0.474,0.16363636363636366
P54710,P55017,0.647,0.24826203208556152
P06241,P04406,0.474,0.38848088372189304
P06241,P35968,0.952,0.3684214085523378
P06241,P40763,0.978,0.3874755490636277
P06241,O14786,0.948,0.32442651904046227
P06241,P49023,0.98,0.37755768236135745
P06241,Q07157,0.417,0.3715119838874106
P06241,P49841,0.924,0.38870282631211717
P06241,Q05397,0.96,0.3752347384059559
P06241,P05231,0.402,0.30292468930440664
P06241,Q96Q92,0.428,0.41204775012972833
P06241,P01375,0.577,0.37331473299453743
P06241,P22301,0.592,0.3143743291297819
P06241,Q9NP85,0.934,0.38519678042766203
P06241,Q9H1W9,0.941,0.2967815596618844
P06241,P14923,0.949,0.37309346121638337
P06241,O60500,0.986,0.4009411582352508
P04406,Q99972,0.402,0.35021675333348723
P04406,Q9UNE7,0.594,0.3521381501834727
P04406,P08151,0.564,0.3207520889734261
P04406,P01579,0.563,0.2687503308959721
P04406,P61088,0.406,0.283909514762843
P04406,Q9UQ90,0.414,0.3757233208871903
P04406,O60500,0.42,0.3769409636756653
P04406,Q9NP85,0.423,0.372549252193378
P04406,P14923,0.441,0.38286385013909197
P04406,P51532,0.451,0.3421519467952146
P04406,Q6FI08,0.456,0.31432812427474
P04406,Q9Y5W3,0.47,0.387257760545924
P04406,P15976,0.481,0.3417140991224924
P04406,P00797,0.492,0.3652925891821027
P04406,Q8IYZ5,0.506,0.3769746132391999
P04406,Q06413,0.506,0.40984939475697674
P04406,P49768,0.515,0.36083331049999684
P04406,Q86XG7,0.525,0.3668979121410369
P04406,Q9UJU2,0.535,0.36092940089716263
P04406,P49841,0.543,0.35679797169395666
P04406,P49023,0.555,0.3400225188504325
P04406,P04275,0.555,0.38621465863398136
P04406,P56704,0.594,0.3362604535356658
P04406,Q16625,0.601,0.3536610116478912
P04406,P42262,0.627,0.3771281767306134
P04406,P98170,0.628,0.31037479041395266
P04406,Q07157,0.647,0.4003869513711542
P04406,P35968,0.65,0.41260896494464805
P04406,Q5VZ84,0.652,0.3274417936207928
P04406,P01584,0.673,0.31825931084574344
P04406,Q05397,0.673,0.3423318003700252
P04406,O43623,0.687,0.32052553541264206
P04406,Q96KS4,0.694,0.3277362781723405
P04406,O95863,0.704,0.33125344541442825
P04406,P22301,0.723,0.28005168438083206
P04406,P40763,0.734,0.3292008668459764
P04406,Q16665,0.738,0.36192856571483717
P04406,Q9H1W9,0.745,0.30946658096871416
P04406,P01375,0.75,0.3183489076208077
P04406,P11166,0.762,0.3867601063548025
P04406,P05231,0.803,0.32454184696484956
P04406,P00558,0.998,0.4182849273011667
P04406,P60174,0.999,0.43133173088523014
P15976,Q92922,0.528,0.3620809553838791
P15976,P25791,0.999,0.2927872088612968
P15976,P04275,0.604,0.4122523289872757
P15976,P02730,0.452,0.4182550938102748
P15976,Q12824,0.522,0.348059201849089
P15976,P35968,0.625,0.42602940140911516
P15976,P40763,0.636,0.4013839631427928
P15976,Q13351,0.928,0.4517350916123116
P15976,Q9UJU2,0.431,0.4159481143537952
P15976,Q8TAQ2,0.557,0.3711827428416244
P15976,P69905,0.627,0.3382449330564491
P15976,Q8IX07,0.995,0.4489042930127744
P15976,A0A0J9YYA3,0.761,0.24836601307189543
P15976,P07359,0.948,0.517016753269619
P15976,Q8IYZ5,0.453,0.4610388084625457
P15976,Q6FI08,0.958,0.25125969988480057
P15976,Q06413,0.435,0.4808731356610121
P15976,Q02094,0.622,0.4082010781154649
P15976,P05231,0.4,0.36898028057156856
P15976,Q96GM5,0.48,0.42469500764569657
P15976,Q9H1W9,0.68,0.35169039961068216
P15976,P51532,0.689,0.4666904831582319
P15976,P69892,0.695,0.28397283871196044
Q96KS4,P08151,0.41,0.3633427301141141
Q96KS4,P04275,0.601,0.3966883079223482
Q96KS4,Q12824,0.454,0.4335158110369851
Q96KS4,P01584,0.567,0.3879906725928869
Q96KS4,P40763,0.544,0.43746634580720967
Q96KS4,Q07157,0.5,0.4593356356763404
Q96KS4,P42262,0.602,0.416849833476236
Q96KS4,P49768,0.76,0.4029367526348072
Q96KS4,Q16625,0.456,0.33642908129101823
Q96KS4,P78508,0.653,0.43882781141270943
Q96KS4,Q02962,0.439,0.3800120421642924
Q96KS4,P41222,0.565,0.34404462840221356
Q96KS4,P05231,0.65,0.4844994905205787
Q96KS4,P01375,0.578,0.4410716484710066
Q96KS4,P22301,0.499,0.4511449078203872
Q96KS4,Q9H1W9,0.557,0.29895045968512013
P08151,Q9NQB5,0.405,0.4296736054066257
P08151,P51532,0.414,0.3909311805703218
P08151,P40337,0.432,0.3773316654046684
P08151,P40763,0.442,0.38457948537787845
P08151,P49841,0.452,0.3632108050135594
P08151,Q9H1W9,0.511,0.3692540959666753
P08151,P56704,0.515,0.38773619638601775
P08151,Q7LBX6,0.54,0.37989572992250115
P08151,Q9UJU2,0.541,0.4181250421786501
P08151,P35968,0.606,0.36996088590400567
P08151,Q12824,0.731,0.3765105651689521
P08151,Q86XG7,0.995,0.4004727609875487
P08151,Q9UMX1,0.999,0.4230259510908547
P07359,Q8IX07,0.937,0.48536487477291834
P42262,P78508,0.426,0.38318561569383675
P42262,P14923,0.9,0.3747092689537086
P49841,O95863,0.855,0.38135680196273203
P49841,Q9Y5W3,0.527,0.34784683746942435
P49841,P40763,0.684,0.3588147977669409
P49841,Q9UJU2,0.64,0.4016600682213753
P49841,O14786,0.903,0.34662641331848354
P49841,P49023,0.645,0.3450060240964993
P49841,P56704,0.97,0.3307907358476555
P49841,Q9H1W9,0.411,0.3067477960258138
P49841,Q05397,0.491,0.38693042038947256
P49841,P98170,0.543,0.38353313079498497
P49841,P05231,0.573,0.39770212907699065
P49841,O43623,0.599,0.3607727741653392
P49841,P01375,0.6,0.3880749875322125
P49841,Q9NQB5,0.65,0.37481667165624505
P49841,P49768,0.893,0.4222913917524138
P49841,Q9UMX1,0.949,0.40044418788842484
Q96D42,P98164,0.53,0.33350145182809865
Q96D42,P00797,0.511,0.42638985368469173
Q96D42,Q9NP85,0.44,0.36008279218149514
Q96D42,P05231,0.473,0.39686633658609294
Q96D42,P07911,0.477,0.35373144978542514
Q96D42,O60500,0.491,0.47318709823011684
P69905,P02730,0.574,0.3645409444187405
P69905,Q13351,0.608,0.32016412198682265
P69905,A0A0J9YYA3,0.879,0.2591503267973856
P69905,P69892,0.994,0.5531568047620238
P69905,Q6FI08,0.999,0.5782088101992822
Q6FI08,P02730,0.47,0.3018385252017404
Q6FI08,Q13351,0.669,0.3389867452820716
Q6FI08,A0A0J9YYA3,0.913,0.5467914438502672
Q6FI08,P69892,0.943,3.168559006265503
A0A0J9YYA3,Q92922,0.414,0.12777777777777777
A0A0J9YYA3,Q13351,0.805,0.30000000000000004
A0A0J9YYA3,Q8TAQ2,0.505,0.12222222222222222
A0A0J9YYA3,Q969G3,0.468,0.12777777777777782
A0A0J9YYA3,Q02094,0.686,0.20457516339869278
A0A0J9YYA3,P69892,0.983,3.2912061794414718
P69892,Q92922,0.435,0.35101594198088965
P69892,Q13351,0.8,0.2881124856346452
P69892,Q8TAQ2,0.527,0.3438770170538906
P69892,Q969G3,0.47,0.31831749789545916
P69892,Q8IX07,0.448,0.32620162742040254
P69892,Q02094,0.455,0.33237610569903087
Q16665,Q9UNE7,0.493,0.3719091290229918
Q16665,O95863,0.452,0.35727281515554954
Q16665,Q9Y5W3,0.521,0.35195297222287636
Q16665,P40337,0.999,0.33844551501315295
Q16665,Q15370,0.998,0.35557692003355024
Q16665,P01584,0.447,0.3652812359761042
Q16665,P35968,0.688,0.3814312012861055
Q16665,P40763,0.986,0.3574131766370633
Q16665,P51531,0.407,0.3627482573565915
Q16665,Q9NWT6,0.999,0.43544252028372277
Q16665,Q5VZ84,0.608,0.4326584578867808
Q16665,P00558,0.699,0.41243456380715565
Q16665,Q9H2T5,0.405,0.4030572870821658
Q16665,P05231,0.55,0.38618880733891875
Q16665,P51532,0.489,0.3783897616400389
Q16665,P01375,0.69,0.3258418259631083
Q16665,P22301,0.624,0.29931922652510884
Q16665,P11166,0.852,0.3831483270350672
Q16665,Q9H1W9,0.996,0.3077047717940678
Q16665,Q15369,0.998,0.23666966786714677
Q9NWT6,P40337,0.789,0.4301443327036001
Q9NWT6,Q15370,0.42,0.26421331244362156
Q9NWT6,Q15369,0.446,0.30740555691973753
Q9NWT6,P11166,0.447,0.37078949370316533
Q9NWT6,Q9H1W9,0.473,0.31374092950146687
P31629,O95907,0.528,0.38388689135494086
P31629,Q9Y5N1,0.543,0.3794640619355456
P31629,P01375,0.427,0.3996719234663243
Q9Y5N1,O95907,0.584,0.471922934208918
P01579,Q13651,0.803,0.354301427370173
P01579,Q9H1W9,0.669,0.36387245324169515
P01579,P40763,0.779,0.3556546935622059
P01579,P01584,0.902,0.309510412416153
P01579,P05231,0.939,0.3576403634164086
P01579,P22301,0.946,0.33810372535567434
P01579,P01375,0.975,0.3330057571375785
P01579,P15260,0.997,0.26744591733960976
P15260,Q13651,0.58,0.5154897777954909
P15260,P01584,0.404,0.3081863682456644
P15260,P40763,0.529,0.4078087659010744
P15260,P01375,0.481,0.32593643487565827
P15260,P05231,0.783,0.3337413923325413
P15260,P22301,0.807,0.3377407301151518
P22301,Q13651,0.998,0.4038879109434298
P22301,P04275,0.453,0.38361349648302134
P22301,P01584,0.996,0.31803329684195525
P22301,P35968,0.454,0.3559968699509348
P22301,P40763,0.995,0.35814792719948046
P22301,O14786,0.669,0.3182370449554853
P22301,Q9UQ90,0.519,0.4475889007200971
P22301,P00797,0.451,0.3764565213072092
P22301,Q07157,0.471,0.2723946318790999
P22301,Q8IYZ5,0.424,0.29581404128661243
P22301,Q16625,0.55,0.263806862154516
P22301,Q9H2T5,0.406,0.38690698575860516
P22301,P05231,0.997,0.3865033152271031
P22301,P01375,0.997,0.40628566190363946
P22301,Q9H1W9,0.885,0.38629042189848556
Q13651,P01584,0.495,0.36563097106632203
Q13651,P01375,0.642,0.3906692833927131
Q13651,P05231,0.831,0.3828541321639272
Q13651,P40763,0.975,0.391162771315176
P01584,P04275,0.448,0.3128675234322422
P01584,P35968,0.402,0.33706683220845723
P01584,Q9UQ90,0.44,0.3898496383320186
P01584,Q07157,0.473,0.3496799984529817
P01584,P61088,0.484,0.26948026818382864
P01584,P41222,0.514,0.3966969102917597
P01584,P49768,0.62,0.3364285128873751
P01584,P00797,0.653,0.33882549359044145
P01584,Q16625,0.746,0.2833321457310989
P01584,Q9H1W9,0.877,0.3208940035946437
P01584,P40763,0.965,0.3732142083277563
P01584,P05231,0.984,0.3634012749336005
P01584,P01375,0.989,0.34221568349933634
P05231,O95863,0.534,0.38459881716143735
P05231,P04275,0.67,0.39672643032451627
P05231,P35968,0.59,0.33187252844578063
P05231,P40763,0.997,0.3892698954609335
P05231,Q9UJU2,0.555,0.33745688389486983
P05231,O14786,0.418,0.35362442991813164
P05231,Q9UQ90,0.591,0.44386294045700303
P05231,P00797,0.797,0.34101621109806496
P05231,Q07157,0.574,0.35657207395206875
P05231,P56704,0.41,0.312203478346842
P05231,P49768,0.48,0.3179758323591567
P05231,Q16625,0.608,0.3426321443385819
P05231,Q5VZ84,0.44,0.33152667255053514
P05231,P98170,0.491,0.3140820807475917
P05231,O43623,0.436,0.38416636545104943
P05231,P11166,0.472,0.3751245779131466
P05231,Q96Q92,0.587,0.4079202352093588
P05231,Q9H1W9,0.959,0.3980053701231561
P05231,P01375,0.984,0.3791928494030328
P14923,Q9UJU2,0.938,0.3296579725831933
P14923,Q07157,0.485,0.3948568376668072
P14923,P49768,0.441,0.39842727291899216
P14923,Q9NQB5,0.941,0.40041488684297055
P78508,P55011,0.616,0.37054095485463645
P78508,Q13621,0.441,0.3860652607950107
P78508,Q96Q92,0.444,0.3776693532897762
P78508,P55017,0.51,0.3876555046900161
P35968,O95863,0.47,0.31184775819250043
P35968,Q9Y5W3,0.426,0.331613971632247
P35968,P40337,0.454,0.3024674587719481
P35968,P25791,0.719,0.3430063769762886
P35968,P04275,0.82,0.3787164818287321
P35968,Q12824,0.408,0.34895491546201807
P35968,Q16625,0.417,0.3693315774403273
P35968,O43623,0.418,0.32437786842456173
P35968,Q8IYZ5,0.454,0.3557303962699869
P35968,P11166,0.47,0.40651684530170873
P35968,Q07157,0.473,0.40392684230813813
P35968,Q06413,0.534,0.4153178691735338
P35968,O60500,0.594,0.3948005909341883
P35968,P56704,0.636,0.4024574696906018
P35968,P01375,0.727,0.3889896619409192
P35968,P40763,0.789,0.36668144587016555
P35968,Q05397,0.93,0.3642486457564297
P35968,P49023,0.946,0.3754865231921783
P35968,Q7LBX6,0.983,0.3941873245161652
P35968,O14786,0.998,0.38815293549726626
P35968,Q9H1W9,0.999,0.27590556362014895
Q13351,Q92922,0.624,0.41095611232093965
Q13351,P25791,0.663,0.284281236468504
Q13351,P02730,0.568,0.43250554293814686
Q13351,Q12824,0.593,0.3281739220477622
Q13351,Q96GM5,0.433,0.41776652040331874
Q13351,Q02094,0.48,0.37566487850482067
Q13351,Q969G3,0.607,0.32300763766656954
Q13351,Q8TAQ2,0.651,0.39600639950740724
Q13351,Q8IX07,0.731,0.4737070703638364
Q13351,P51532,0.752,0.5771752422132613
Q9Y5W3,P01375,0.439,0.44847223231099176
Q9Y5W3,Q9H1W9,0.439,0.3925173739090637
Q9Y5W3,P40763,0.52,0.30500019866047745
Q9UJU2,O95863,0.738,0.40208185654078066
Q9UJU2,P40763,0.422,0.3572117540010564
Q9UJU2,Q9NPC8,0.415,0.4539124074390378
Q9UJU2,Q8IYZ5,0.445,0.40888997611325884
Q9UJU2,Q86XG7,0.454,0.3696064448824813
Q9UJU2,Q02962,0.456,0.4072133625719422
Q9UJU2,Q5VZ84,0.503,0.35866858167132204
Q9UJU2,O43623,0.764,0.3306575700038069
Q9UJU2,P56704,0.857,0.3296505335147858
Q9UJU2,P51532,0.923,0.5212067760179288
Q9UJU2,Q9NQB5,0.944,0.5863569640902252
O14910,Q07157,0.568,0.44002706373582945
O14910,Q9NRD5,0.465,0.3801677665167971
P25791,Q06413,0.555,0.26922059387621566
P25791,Q8IX07,0.647,0.2841406566462412
P98164,Q9NPC8,0.403,0.3164247105397247
P98164,P00797,0.43,0.374668141113385
P98164,P07911,0.457,0.3814736403418011
P98164,O60500,0.522,0.3793734511903434
P98164,Q9NP85,0.538,0.3049342206184051
P98164,P48764,0.856,0.36569313459146713
P98164,Q86XG7,0.872,0.34554440172398226
Q06413,Q6STE5,0.617,0.38437384530615026
Q06413,P51531,0.47,0.40944293673997373
Q06413,P51532,0.461,0.41277975211973605
Q06413,Q9H1W9,0.654,0.2721574427234927
O60500,O95863,0.4,0.3744796762472127
O60500,P48764,0.451,0.4663080126577809
O60500,P00797,0.626,0.41449841708469226
O60500,Q07157,0.968,0.40095769691167843
O60500,Q9NPC8,0.445,0.4526845391920199
O60500,Q8IYZ5,0.892,0.4398908653015461
O60500,Q9NP85,0.998,0.4378458482844727
O60500,Q02962,0.569,0.4036997879972992
O60500,Q13621,0.431,0.3986623913210231
O60500,Q9Y6R1,0.456,0.3720591261099203
O60500,Q9H1W9,0.558,0.40809078901434415
O60500,P01375,0.57,0.41855900283030734
O60500,P55017,0.611,0.4008097272976341
Q9NP85,Q9BY07,0.633,0.4428815583153931
Q9NP85,P00797,0.591,0.37649973281961535
Q9NP85,Q07157,0.597,0.4562688812189125
Q9NP85,Q9NPC8,0.528,0.38109844564700845
Q9NP85,Q8IYZ5,0.828,0.41197017224751153
Q9NP85,Q9H1W9,0.428,0.3439195297694063
Q9NP85,P55017,0.444,0.4250058991222734
Q9NP85,Q13621,0.495,0.387368674186949
Q9NP85,P07911,0.551,0.3828003414526998
Q9NP85,Q02962,0.568,0.41672722550940067
Q9NP85,Q9Y6R1,0.671,0.42245697703285257
O14786,Q05397,0.418,0.37948315901234403
O14786,P01375,0.45,0.36159366714167285
O14786,P49023,0.482,0.3620665235962073
O14786,Q7LBX6,0.839,0.6268367690569506
O14786,Q9H1W9,0.995,0.37159956338455374
Q7LBX6,Q5VZ84,0.469,0.3886693567546454
Q7LBX6,Q9H1W9,0.998,0.3375564597950055
P04181,P00480,0.956,0.39544541710811876
P04181,P60174,0.635,0.3515444244131515
Q16625,O95863,0.669,0.41237568508676464
Q16625,P04275,0.448,0.38188370388792225
Q16625,P55011,0.414,0.371099817052263
Q16625,P13866,0.411,0.3810686618934628
Q16625,Q07157,0.987,0.4015356154684503
Q16625,Q05397,0.463,0.36342951681690805
Q16625,P11166,0.43,0.384233243050563
Q16625,P01375,0.608,0.34356408399496685
Q16625,Q5VZ84,0.61,0.3621494104208855
Q16625,O43623,0.618,0.34341376275807844
Q16625,Q9H1W9,0.766,0.2752471153049847
P00480,P60174,0.424,0.37357195421438083
Q02962,P56704,0.447,0.34972834983199363
Q02962,Q9NPC8,0.796,0.393900317390772
Q02962,Q8IYZ5,0.966,0.3720153136436314
Q02962,P07911,0.429,0.34054428629604033
Q9H2T5,Q92922,0.997,0.3920168965862163
Q9H2T5,P40337,0.56,0.3174441867078618
Q9H2T5,Q6STE5,0.981,0.4066980271090418
Q9H2T5,Q12824,0.995,0.39175767418351193
Q9H2T5,P51531,0.984,0.4008347781792513
Q9H2T5,Q8TAQ2,0.999,0.38398949299272894
Q9H2T5,Q969G3,0.995,0.47731407015395033
Q9H2T5,Q15532,0.524,0.29613765117987223
Q9H2T5,Q15369,0.634,0.2698444529326881
Q9H2T5,Q92925,0.97,0.3722083630635993
Q9H2T5,P51532,0.99,0.38776205312186535
Q9H2T5,Q96GM5,0.996,0.3934327575413677
P00558,P60174,0.999,0.4002110787760874
P00558,P40763,0.46,0.3537747792990965
P00558,Q9UQ90,0.421,0.4193761270696149
P00558,Q9H1W9,0.45,0.36277632832638257
P00558,P11166,0.654,0.4136902045662353
Q9NRD5,Q07157,0.594,0.4536149404458738
P49768,P19634,0.513,0.4610453853062415
P49768,P01375,0.456,0.3696738075687024
P49768,Q9NQB5,0.494,0.39358391968006956
Q86XG7,O95863,0.448,0.35077640725573456
Q86XG7,Q12824,0.416,0.35691852518923906
Q86XG7,P56704,0.435,0.38431195430960013
Q86XG7,Q8IYZ5,0.591,0.38852882460537186
Q86XG7,Q9H1W9,0.456,0.2774931377494097
Q86XG7,P51532,0.563,0.39419510869628693
Q86XG7,Q9UMX1,0.919,0.3877390702541984
Q05397,Q9UNE7,0.443,0.3690096987452661
Q05397,O95863,0.527,0.3701908795744427
Q05397,P40763,0.866,0.38301790772293764
Q05397,P49023,0.999,0.36825821528805414
Q05397,Q07157,0.753,0.39709428656174706
Q05397,O43623,0.491,0.3838457751834155
P49023,P40763,0.478,0.3861471215466265
P49023,Q15532,0.416,0.41869542205665844
P49023,Q07157,0.514,0.4152898819613643
P49023,Q9H1W9,0.951,0.3349396883352038
P00797,Q15849,0.673,0.40035373704289456
P00797,P04275,0.41,0.3947983134151921
P00797,P48764,0.596,0.49054553803780276
P00797,P07911,0.496,0.35179907240846875
P00797,P55017,0.649,0.40275540854111946
P00797,Q8IYZ5,0.675,0.3830877212066144
P00797,P01375,0.741,0.3804791420379534
Q02094,P02730,0.724,0.4161370949734884
Q02094,P19634,0.5,0.42399996044158816
Q02094,P48764,0.51,0.44444497996886345
P34925,P56704,0.986,0.36791284068431107
P34925,Q9NQB5,0.462,0.37879492741739085
P09683,P04920,0.45,0.4453796332243777
Q9NPC8,Q5VZ84,0.68,0.3498000027671162
Q9NPC8,Q8IYZ5,0.719,0.3864080601692299
Q13621,Q15849,0.668,0.382992522819719
Q13621,P02730,0.409,0.42427370364308614
Q13621,P19634,0.445,0.40255342349617085
Q13621,P13866,0.532,0.39005323070528974
Q13621,C9JST9,0.588,0.39824118084040727
Q13621,P07911,0.725,0.38510638815434106
Q13621,Q6U841,0.481,0.39235119582246175
Q13621,Q8N3U2,0.592,0.41550188170941404
Q13621,P04920,0.806,0.4107594722303482
P55011,Q9BY07,0.445,0.45081550495129874
P55011,P02730,0.579,0.4454858638163732
P55011,Q96Q92,0.507,0.42822021303632224
P55011,C9JST9,0.613,0.40038528523793526
P55011,P19634,0.62,0.4263162520978238
P55011,Q6U841,0.669,0.4016828947389741
P55011,P48764,0.685,0.45006739781408023
P55011,Q8N3U2,0.71,0.41254763048714216
P55011,Q9Y6R1,0.737,0.402735554975825
P55011,P04920,0.841,0.4417300916874291
P55017,Q15849,0.474,0.4136706288648588
P55017,P48764,0.689,0.40131083230270115
P55017,P13866,0.515,0.42696930683217127
P55017,P07911,0.524,0.3847825159549065
P55017,Q9Y6R1,0.652,0.40589688438891
P55017,P04920,0.449,0.4159913689082637
P55017,Q8N3U2,0.528,0.40928057003877405
Q13336,P02730,0.493,0.44398810894462826
P11166,P60174,0.467,0.3887954345011008
P11166,P40337,0.626,0.40815087391091326
P11166,Q15370,0.405,0.25561123867454894
P11166,P40763,0.418,0.3874990934753182
P11166,P13866,0.724,0.4111670945447722
P11166,Q07157,0.4,0.3643163237474164
P11166,P01375,0.44,0.3876404454764121
P11166,Q15369,0.418,0.2962755935707615
P11166,Q9H1W9,0.831,0.3550581158002337
P02730,P48764,0.52,0.4278047522866248
Q6U841,P19634,0.601,0.39577140023894486
Q6U841,P48764,0.457,0.4072858563814823
P04920,P19634,0.52,0.395163879012448
P04920,P48764,0.45,0.41307827186535606
Q9Y6R1,P19634,0.752,0.3892420532255447
Q9Y6R1,C9JST9,0.406,0.46341452417547324
Q9BY07,P48764,0.448,0.3732792878936207
Q9BY07,P19634,0.552,0.4043008080939635
C9JST9,P19634,0.724,0.3850600486326706
C9JST9,P48764,0.666,0.3978391708143705
Q8N3U2,P19634,0.706,0.3809254110270903
Q8N3U2,P48764,0.687,0.39373677065155377
P13866,P48764,0.807,0.4408172011418676
P48764,P40763,0.434,0.36213707893583114
P48764,Q07157,0.473,0.3975376375395653
P51531,Q92922,0.999,0.37408508218212067
P51531,Q6STE5,0.997,0.4295149252642124
P51531,Q12824,0.999,0.3619489082351145
P51531,P61088,0.485,0.2969895214864256
P51531,Q15532,0.946,0.5808055066584038
P51531,P51532,0.98,0.7166104788938346
P51531,Q92925,0.997,0.5092380456019145
P51531,Q96GM5,0.997,0.4928780323026104
P51531,Q969G3,0.997,0.46254538162891756
P51531,Q8TAQ2,0.999,0.363567877211347
P51532,Q92922,0.999,0.3901506619837122
P51532,Q6STE5,0.998,0.45704414788936576
P51532,Q12824,0.999,0.33652395502644644
P51532,P40763,0.585,0.3662264266622961
P51532,Q8TAQ2,0.999,0.3849102809832593
P51532,P56704,0.535,0.3901016788492401
P51532,P61088,0.484,0.28978922908876475
P51532,Q969G3,0.999,0.4032605972577049
P51532,Q5VZ84,0.563,0.3781756660507647
P51532,Q9NQB5,0.912,0.48517113831532965
P51532,Q96GM5,0.999,0.46222765446385133
P51532,Q92925,0.998,0.5132575596949281
P51532,Q15532,0.95,0.5748206183737441
Q12824,Q92922,0.999,0.3926094456524208
Q12824,Q6STE5,0.998,0.404225586272312
Q12824,Q9UMX1,0.426,0.3701215777742849
Q12824,Q8IYZ5,0.472,0.3522214536253261
Q12824,Q15532,0.97,0.2797238728645624
Q12824,Q92925,0.998,0.3457798266157255
Q12824,Q96GM5,0.998,0.37717501649110896
Q12824,Q969G3,0.998,0.38798332097579225
Q12824,Q8TAQ2,0.999,0.410776519216859
Q92922,Q15532,0.963,0.3439365624982702
Q92922,Q8TAQ2,0.985,0.6836300554027875
Q92922,Q6STE5,0.997,0.41753917412841335
Q92922,Q92925,0.998,0.4577972455664646
Q92922,Q96GM5,0.998,0.4725616502726432
Q92922,Q969G3,0.998,0.4314895839303133
Q8TAQ2,Q6STE5,0.998,0.39664753992768675
Q8TAQ2,Q15532,0.951,0.3165471118873825
Q8TAQ2,Q92925,0.998,0.3513590909668636
Q8TAQ2,Q969G3,0.998,0.4336089227473916
Q8TAQ2,Q96GM5,0.999,0.3726806812044122
Q96GM5,Q6STE5,0.96,0.4934443896586965
Q96GM5,Q969G3,0.997,0.4090198284020701
Q96GM5,Q15532,0.941,0.3457483399701808
Q96GM5,Q92925,0.983,0.7114816638597807
Q92925,Q6STE5,0.845,0.5227959472572081
Q92925,Q969G3,0.997,0.39066056912125013
Q92925,Q15532,0.953,0.39328163791593607
Q6STE5,Q15532,0.929,0.3519264784631542
Q6STE5,Q969G3,0.994,0.40728093564605755
Q969G3,Q15532,0.997,0.3403782773982107
O95863,Q5VZ84,0.401,0.3635176439282888
O95863,P01375,0.505,0.3624590358683365
O95863,Q07157,0.677,0.33394490230218576
O95863,P56704,0.677,0.3786596743723649
O95863,Q9H1W9,0.792,0.3638812564723854
O95863,P40763,0.825,0.38286728676276305
O95863,O43623,0.906,0.9714469853417568
O43623,Q9UNE7,0.514,0.32681116618190875
O43623,P40763,0.571,0.33459303713648847
O43623,Q07157,0.704,0.3747088740177671
O43623,P56704,0.492,0.34324975374196554
O43623,Q9H1W9,0.568,0.37273411891092534
Q9UQ90,P60174,0.422,0.37405572508223756
Q9UQ90,P01375,0.595,0.37798092435132513
P40763,Q9UNE7,0.407,0.40773098447081724
P40763,P61088,0.52,0.3774295084860101
P40763,Q8IYZ5,0.578,0.36351088342691273
P40763,P98170,0.617,0.35996316317500054
P40763,P56704,0.65,0.3775932510427483
P40763,P01375,0.976,0.32226558925266835
P40763,Q5VZ84,0.977,0.38417971538638884
P40763,Q9H1W9,0.994,0.33732751655452586
Q9UNE7,P98170,0.462,0.3729131721934158
Q9UNE7,Q15369,0.917,0.35386450034559264
Q9UNE7,P40337,0.921,0.41340514325197786
Q9UNE7,Q15370,0.926,0.3041904948933861
Q9UNE7,P61088,0.998,0.3498713500551738
Q15369,P40337,0.999,0.33410098888040046
Q15369,Q15370,0.999,0.3096413565426169
Q15369,P61088,0.937,0.3059684290382819
Q15369,Q9H1W9,0.418,0.22510399993330663
Q15370,P40337,0.998,0.28025862887527897
Q15370,Q9H1W9,0.414,0.24494631185807658
Q15370,P61088,0.936,0.29509071990378066
Q9NQB5,P56704,0.716,0.3356152909806634
Q07157,P04275,0.478,0.38961997110258273
Q07157,Q8IYZ5,0.415,0.38233324672937985
Q07157,Q5VZ84,0.654,0.40698490987905633
Q07157,P01375,0.731,0.4179387085039491
Q07157,Q9H1W9,0.773,0.3678237332069292
P01375,P04275,0.681,0.3885953230954172
P01375,P61088,0.574,0.3408587245371302
P01375,P98170,0.96,0.42258397401234726
P01375,Q9H1W9,0.919,0.3119773070144449
P60174,P04275,0.453,0.3686677071027822
P60174,P61088,0.454,0.3188730934957716
P61088,P40337,0.9,0.368313092780972
P61088,P98170,0.446,0.29381927412113173
Q9H1W9,P40337,0.97,0.30964079124573185
Q9H1W9,P56704,0.691,0.40071461317024204
Q9H1W9,Q8IYZ5,0.709,0.38024943760666696
Q9H1W9,Q5VZ84,0.711,0.30608536894984684
Q9H1W9,P98170,0.556,0.32922381772216974
